timestamp;power;p_dis;p_suc;prod_grade;temp_dis;temp_suc
24/03/2021;528,2657471;24,20512772;6,782906055;1119;120;32,99296951
25/03/2021;579,1816406;27,27132034;7,063248158;1119;128;39
26/03/2021;596,2650146;27,20879173;6,873276711;1119;126;38
27/03/2021;594,4869995;27,42379951;7,128205299;1119;128;41
28/03/2021;579,0562744;28,67399216;6,803418636;1119;136;42
29/03/2021;578,1534424;29,75824165;6,810256481;1119;141,0065918;44
30/03/2021;586,0604248;30,10989189;6,949816704;1119;141;42,00571442
31/03/2021;593,6444702;30,1978035;6,984995365;1119;141;43,00551605
01/04/2021;582,0734863;30,06593513;6,923077106;1119;141;43
02/04/2021;582,0728149;30,03663254;6,871794701;3150;138;41,99508286
04/04/2021;565,9780273;29,05931473;6,610871315;3150;142,00737;43,99314117
05/04/2021;569,9008789;29,15750885;6,533333302;3150;143;43
10/04/2021;580,756897;29,75824165;6,550427437;1119;145;44,99294281
12/04/2021;573,6143799;29,38678551;0,594871819;1119;144,9921417;43
14/04/2021;583,114502;29,65135956;6,280342102;2118;142;41
15/04/2021;529,5778809;26,78804207;6,198290825;2118;124;30
16/04/2021;539,130188;29,12820435;6,153846264;2118;129;31
17/04/2021;550,4105835;29,42124557;6,492307663;2118;136;35,00860214
18/04/2021;565,4307251;29,26715469;6,434604168;1119;145,9797363;42,01449966
19/04/2021;568,0950317;29,47985268;6,434187889;2118;143;41,00510025
20/04/2021;565,15625;29,56776619;7,24786377;2118;143;41,98618317
21/04/2021;606,2980347;31,19414139;6,819959164;2119;141;40,00796509
22/04/2021;611,072998;27,95604324;7,333333969;2218;128;38
23/04/2021;572,3097534;29,27889824;6,639316082;3537;139;37
24/04/2021;581,5015869;29,61172104;6,482051373;3537;141;38,00753403
25/04/2021;578,8637695;29,56776619;6,533333302;3537;142;39
26/04/2021;579,7467041;29,37728882;6,676923275;3537;140;38
27/04/2021;573,4076538;29,37728882;6,47132206;3537;141;39
28/04/2021;564,425415;29,1151104;6,65982914;1119;138;36,98932266
29/04/2021;579,9418945;29,47985268;6,586755276;1119;141;39,98953247
30/04/2021;608,6689453;27,93265343;6,622222424;1219;127;36
01/05/2021;595,3686523;29,7435894;6,780103207;1219;144;41,01250076
02/05/2021;580,4568481;29,23077011;6,815950871;1318;144;41,00778198
03/05/2021;586,7696533;29,37513733;6,553846359;1318;144,9906769;41
04/05/2021;573,6337891;29,42124557;6,622581959;1219;144;43,0087204
05/05/2021;569,9398193;29,44544983;6,581196785;1119;142;41
06/05/2021;565,230896;29,47985268;6,57732439;1119;138;38,99300766
07/05/2021;564,8942261;29,45055008;6,485470295;2820;136;36,99340057
08/05/2021;567,03302;29,45055008;6,427350521;2119;138,9593811;38
09/05/2021;564,1744995;29,33333397;6,736758232;1119;141;39
10/05/2021;563,6012573;29,34798622;6,542778492;1119;139;38
11/05/2021;563,6135254;29,47985268;6,618803501;3150;141,0495758;41
12/05/2021;573,322937;29,6849823;6,594871998;3150;141;39,00577927
13/05/2021;568,6190186;29,56776619;6,598290443;3150;140;39
14/05/2021;567,0738525;29,47985268;6,567521572;3150;139;38,00694275
15/05/2021;571,2280273;29,64102554;6,739813805;1119;141;40
16/05/2021;567,5236206;29,6556778;6,495726585;1119;144;40,99417114
17/05/2021;567,5587158;29,59706879;6,547008514;1219;142;40
18/05/2021;572,7042236;29,53846169;6,639967918;1318;141,008606;38
19/05/2021;578,1037598;29,69963455;6,618803501;1318;143;39
20/05/2021;588,6964722;29,69963455;6,728205204;1318;143;39
21/05/2021;591,4839478;29,72893715;6,817093849;1318;141;39
22/05/2021;577,3457642;29,57833099;6,847863197;1318;139;39,0054512
23/05/2021;600,1673584;29,6556778;6,785615444;1318;139;37,992939
24/05/2021;572,8239136;29,70472336;6,807469845;1119;139;39,99311066
25/05/2021;581,0130005;29,86080551;6,817093849;1119;139;38,00657272
26/05/2021;580,7794189;29,80219841;6,741880417;1119;140;39,01384735
27/05/2021;571,0058594;29,55311394;6,871794701;2119;140;40
28/05/2021;567,8223877;29,52380943;6,771496296;2218;136;37,00678253
29/05/2021;558,9142456;29,40659332;6,693016529;2118;137;39
30/05/2021;563,5836182;29,49450493;6,621784687;2118;137;37,99149323
31/05/2021;553,6742554;29,40659332;6,540171146;1119;134;34,99304962
01/06/2021;560,4223022;29,06959724;6,536752224;1119;136;37,99431992
02/06/2021;559,7137451;29,36263657;6,491180897;1119;140;39
03/06/2021;558,1399536;29,56776619;6,603060722;1119;140;40
04/06/2021;564,6266479;29,48896217;6,560683727;1119;141;41
05/06/2021;561,7353516;29,52380943;6,599088192;1119;142;43
06/06/2021;555,706543;29,3533802;6,550889969;1119;140;40,0061264
07/06/2021;564,5883179;29,67033005;6,598290443;1119;137;38,99436569
08/06/2021;554,7044067;29,24542046;6,639316082;1119;139;39,00661087
09/06/2021;545,9639282;29,34798622;6,495726585;2820;138;40
10/06/2021;558,8709106;29,50915718;6,705848217;2119;140;40
11/06/2021;553,8443604;29,44592476;6,737135887;2119;139;40,00661469
12/06/2021;551,8251953;29,37234306;6,529914379;2119;134;34,0067749
13/06/2021;568,0272217;29,72893715;6,543589592;2218;135;35
14/06/2021;555,6865845;29,59706879;6,529914379;2218;137;36,99302292
15/06/2021;558,6099854;29,37728882;6,646153927;2218;138;37,99364853
16/06/2021;552,2781372;28,8481369;6,423931599;3537;136;36,99420166
17/06/2021;556,7451782;28,67399216;6,594871998;3537;135;36
18/06/2021;549,8848267;28,43955994;6,47863245;3537;134,993042;36
19/06/2021;561,5411987;28,82051277;6,47863245;3260;138;36,00958633
20/06/2021;568,3330078;29,34863853;6,47863245;3260;139;37
21/06/2021;565,960022;28,87508011;6,494030952;3260;138;37
22/06/2021;567,8129883;28,98646545;6,492307663;3255;145;42,00788498
23/06/2021;560,196228;28,77890205;6,441025734;3255;143;41,00835037
24/06/2021;553,9329224;28,93772888;6,495726585;3150;143;44
25/06/2021;557,2628784;28,92620087;6,553846359;3150;143;42
26/06/2021;561,0834961;29,11553001;6,505982876;3150;136;35
27/06/2021;557,5454712;29,03703117;6,502563953;1119;134,6168671;35
28/06/2021;560,8779907;29,31868172;6,492307663;1219;135;34
29/06/2021;560,6543579;29,40659332;6,594871998;1219;138;37,3745842
30/06/2021;580,208313;29,58241844;6,570940018;1318;137,3396759;37
01/07/2021;583,5180664;29,72893715;6,568464756;1318;137,3568726;39
02/07/2021;575,4622192;29,56776619;6,588034153;1318;140;39,4792099
03/07/2021;570,8859253;29,59706879;6,772649765;1318;137;38
04/07/2021;581,9401855;29,75824165;6,767070293;1318;135;37
05/07/2021;568,8791504;29,6556778;6,647098064;1318;136;38
06/07/2021;566,4586792;29,52380943;6,632478714;1318;137;37,56547546
07/07/2021;580,3637085;29,69963455;6,567521572;1318;139;40,68648148
08/07/2021;565,8331909;29,56776619;6,642735004;1119;138,8697052;42
09/07/2021;558,2150879;29,69963455;6,590861797;1119;139,9844513;39,86628723
10/07/2021;557,8676147;29,58241844;6,646153927;1119;138,604599;39,60407639
11/07/2021;561,8556519;29,72893715;6,573932648;1119;138,0496674;39,04915237
12/07/2021;558,0337524;29,53846169;6,543589592;1119;141;40,95619202
13/07/2021;535,5063477;27,16483498;6,109401703;1119;127;34,99496078
14/07/2021;531,164856;28,58608055;6,435168743;1119;127;32
15/07/2021;532,0623779;28,65494537;6,396581173;4300;213;44
16/07/2021;534,5934448;29,04029274;6,413339138;4300;213;40
17/07/2021;536,8583374;29,01636124;6,485470295;4300;213;43
18/07/2021;526,6086426;28;6,420512676;4300;213;30,4949131
19/07/2021;534,9887085;29,05494499;6,532873154;4300;213;39,46276855
20/07/2021;538,1582031;29,10218239;6,451282024;4300;213;42
21/07/2021;533,546875;28,50164795;6,28717947;4300;213;43
22/07/2021;569,7476807;26,88644791;6,998693466;4300;213;40
23/07/2021;582,723938;27,38021469;7,018803596;4300;213;42,52230453
24/07/2021;533,1020508;28,68869019;6,38290596;4300;213;42,11609268
25/07/2021;536,5439453;28,94535446;6,337913513;4300;213;42,20155334
26/07/2021;519,8242188;26,50304222;6,181423664;4300;213;37,9426918
27/07/2021;522,1147461;26,55429077;6,717768192;4300;213;30
28/07/2021;550,4118042;29,36624718;6,598886013;1119;213;40
29/07/2021;556,2589722;29,42124557;6,635897636;1119;213;45
30/07/2021;544,3637085;29,04029274;7,381196976;2820;213;43,6536026
31/07/2021;546,1314697;29,27472496;6,817280293;2118;213;42,59275818
01/08/2021;550,2771606;29,31868172;6,64169836;2118;213;44
02/08/2021;558,7245483;29,37728882;6,65982914;2118;213;44
03/08/2021;551,3549805;29,28937721;6,700854778;2218;213;42
04/08/2021;557,170105;29,37728882;6,642303944;3537;213;44,4536171
05/08/2021;561,5200195;29,40917397;6,611965656;3537;213;45
06/08/2021;560,4821167;29,47985268;6,687179565;3537;213;46,01040268
07/08/2021;554,5085449;29,28937721;6,636339664;3537;213;47
08/08/2021;559,6140137;29,33037376;6,434187889;3537;213;46,2300148
09/08/2021;552,6414795;29,21611786;6,316938877;3537;213;46,00990295
10/08/2021;556,3372803;29,53846169;6,499145508;3537;213;47
11/08/2021;556,5163574;29,37728882;6,550427437;3537;213;45,89942169
12/08/2021;550,0615845;29,31868172;6,496253967;1119;213;46,58919907
13/08/2021;565,4225464;29,50915718;6,410256386;1119;213;48,23364639
14/08/2021;546,6274414;29,21611786;6,57435894;1119;213;48,30115509
15/08/2021;549,7502441;29,31868172;6,454700947;1119;213;47,88217926
16/08/2021;522,593811;27,09157562;0,027350429;1119;213;31
22/08/2021;552,9275513;29,64102554;6,404335499;1119;213;47,26925659
23/08/2021;558,1704102;29,39194107;6,579133987;1119;213;47,2238121
24/08/2021;563,6008301;29,78754616;6,396581173;1219;213;48
25/08/2021;590,5877686;29,97802162;0,215384617;1219;213;32
27/08/2021;545,1061401;29,27472496;6,594320297;1219;213;32
28/08/2021;591,4018555;27,44322395;7,223932266;1119;213;48
29/08/2021;561,2212524;29,45055008;6,47863245;1405;213;47,89971161
30/08/2021;571,3400879;29,69510651;7,264957428;1219;213;47
31/08/2021;604,2423096;28,52747345;6,451282024;1219;134;44,71265411
01/09/2021;579,9182739;29,90476227;6,759914398;1318;142,4559326;42,4564476
02/09/2021;558,197937;29,31868172;6,697435856;1318;142;42,30094528
03/09/2021;564,6705933;29,72893715;6,766270161;1318;141;43
04/09/2021;553,7818604;29,40659332;6,663248062;1318;140;41
05/09/2021;555,6600952;29,34798622;6,471795082;1318;136;38
06/09/2021;553,3214722;29,55311394;6,703116894;1405;140;42
07/09/2021;565,7353516;29,75824165;6,611965656;1400;139,792984;43,20650101
08/09/2021;549,8764038;29,53846169;6,772649765;1405;142;44,71891785
09/09/2021;570,6151733;29,75377464;6,641800404;1120;141;45
10/09/2021;548,3837891;29,64102554;6,728205204;2820;136;40
11/09/2021;555,8890991;29,6556778;6,663248062;2118;138;41
12/09/2021;551,5145264;29,53846169;6,605128288;2218;138;42
13/09/2021;551,6779785;29,56776619;6,492307663;2218;140;43,2762413
14/09/2021;548,3447266;29,53846169;6,694016933;2218;139;42
15/09/2021;554,3447876;29,56776619;6,608547211;2119;137;41
16/09/2021;549,3425903;29,37728882;6,597505093;1119;133;35,51238632
17/09/2021;537,4520264;29,37728882;6,452028751;1120;135;37,205513
18/09/2021;537,7695923;29,45055008;6,485470295;1119;134;39
19/09/2021;543,8534546;29,36263657;6,427350521;1120;138;42,50619888
20/09/2021;541,0596313;29,50179672;6,605128288;1405;140;43,02497482
21/09/2021;564,3022461;29,75824165;6,523077011;1120;139;42
22/09/2021;555,1878052;29,57700729;6,434187889;1119;138;39,50288391
23/09/2021;532,9208374;29,19118309;6,779487133;1119;133;36
24/09/2021;565,3728027;27,19363022;6,871862888;1120;124;37
25/09/2021;542,4369507;29,53846169;6,936752319;1120;132,7002411;37
26/09/2021;579,7450562;27,80952454;6,594871998;1119;124;36,44346237
27/09/2021;555,1246338;29,6556778;6,632478714;3150;138;41,70992279
28/09/2021;547,9974976;29,32299042;6,485470295;3150;141,9523773;43,81907272
29/09/2021;546,9125366;29,34798622;6,523077011;3150;141;43,34438705
30/09/2021;544,1861572;29,50915718;6,485470295;3150;140;42,67942429
01/10/2021;539,1298218;29,20146561;6,540171146;3150;136;38,83692551
02/10/2021;537,9589844;29,34798622;6,572626591;3150;137;41
03/10/2021;546,3745728;29,47985268;6,721367359;3150;135;38,68894196
04/10/2021;545,7857056;29,56776619;6,38290596;1400;139;41
05/10/2021;539,9354248;29,62637329;6,343006134;1219;137;38
06/10/2021;536,1508179;29,53846169;6,47863245;1219;138;38,31296158
07/10/2021;548,2149658;29,55311394;6,31306982;1318;141;41,2905159
08/10/2021;552,0462646;29,56776619;6,492307663;1318;141;40,04936218
09/10/2021;556,2197876;29,67033005;6,485470295;1318;141,7764282;42
10/10/2021;547,9021606;29,6556778;6,420512676;1318;141;42,13871765
11/10/2021;539,7620239;29,50915718;6,384296894;1318;140;41,59983063
12/10/2021;537,4953003;29,56776619;6,362576962;1120;141;43,08325577
13/10/2021;543,4345703;29,57922745;6,410256386;1119;142,222168;43,2226944
14/10/2021;530,8018188;29,40659332;6,256410122;1119;136;41
15/10/2021;527,0713501;29,39194107;6,639480591;2820;138;41,99666595
16/10/2021;535,7954102;29,39067459;6,366357327;2118;137;40,32323837
17/10/2021;526,7068481;29,19369316;6,502563953;2118;136;39,86651993
18/10/2021;531,3864746;29,33333397;6,386324883;2119;135;38,73015213
19/10/2021;524,1688232;29,08637047;6,27782011;2218;136,732254;39
20/10/2021;521,8187256;29,20394135;6,174358845;2218;136;39,91131973
21/10/2021;532,1461182;29,27472496;6,266666889;2218;137;39,95236588
22/10/2021;533,4575195;29,32001495;6,321367741;2218;138,5642395;40,43627548
23/10/2021;536,3123169;29,09890175;6,221262932;3537;138,5205688;41
24/10/2021;550,6139526;29,50915718;6,174358845;3537;139,1380768;41,57516098
25/10/2021;531,4100952;29,03203773;6,263247967;3537;139;39,97377396
26/10/2021;541,0856934;29,26007271;6,152343273;3537;138,236496;39
27/10/2021;530,4327393;29,28937721;6,414736271;3537;139;41,19283295
28/10/2021;540,255249;29,23077011;6,379487038;1120;141;42,62901688
29/10/2021;538,5994263;29,1721611;6,304273605;1400;140;42,00375366
30/10/2021;531,164856;29,21611786;6,339140415;1120;139;42,07215881
31/10/2021;537,5205078;29,34798622;6,396581173;1120;135;39,33341217
01/11/2021;533,1509399;29,47985268;6,400000095;1119;135;40
02/11/2021;553,4539185;29,69654655;6,442777634;3150;142;44
03/11/2021;548,472168;29,28937721;6,598290443;3255;143;45
04/11/2021;568,6665039;29,53846169;6,594871998;3255;144,0371246;43,03764343
05/11/2021;567,8533936;29,50915718;6,533333302;3260;146;44,41999435
06/11/2021;567,9841919;29,53846169;6,598290443;3260;145;44,36344147
07/11/2021;570,6486206;29,58241844;6,557264805;3260;143;43
08/11/2021;549,6845093;29,42124557;6,510812283;3255;142;42,0124588
09/11/2021;559,0939331;29,47985268;6,536752224;3255;143;42,8368454
10/11/2021;553,168457;29,65186691;6,358974457;3150;141;43
11/11/2021;548,4760132;29,40659332;6,396581173;3150;141,5110168;43,51152802
12/11/2021;542,6002197;29,47985268;6,45225668;1119;136,3233185;38,67616653
13/11/2021;548,6396484;29,26016808;6,589389324;1400;139;41
14/11/2021;530,5932007;29,52380943;6,266666889;1219;136;39,78674698
15/11/2021;540,4899292;29,33333397;6,378065109;1318;141;43,94685364
16/11/2021;554,204895;29,54032326;6,65982914;1318;141,9091339;44
17/11/2021;571,6843262;29,72893715;6,666034698;1318;142;45,35414505
18/11/2021;543,6550293;29,55311394;6,369230747;1119;137,6906433;42,30993652
19/11/2021;526,7224731;29,15750885;6,461538315;1120;135,5747833;40
20/11/2021;530,6367188;29,34798622;6,413675308;2820;137;41,22867966
21/11/2021;542,9667358;29,56776619;6,588034153;2119;137;40,62461853
22/11/2021;542,2958984;29,37728882;6,376068592;2119;140;42
23/11/2021;537,833252;29,21611786;6,389743805;2118;138,5063324;43,4941864
24/11/2021;552,1679077;29,52380943;6,392795086;1119;139;41,38896942
25/11/2021;541,1207275;29,61172104;6,523077011;1405;136;40
26/11/2021;541,3913574;29,45055008;6,714529991;1120;139;44
27/11/2021;533,0522461;29,34438133;6,442801476;1119;139,5882568;45
28/11/2021;549,9033203;29,59706879;6,652991295;1219;140;44,80588531
29/11/2021;537,9368286;29,40659332;6,625640869;1318;139;44,39493561
30/11/2021;558,7474976;27,32600784;6,47124815;1318;128,6658325;41
01/12/2021;548,8657837;29,56776619;6,430769444;1318;138;43,30906296
02/12/2021;551,2379761;29,61172104;6,553846359;1318;136;40,32236862
03/12/2021;526,3008423;29,31868172;6,358974457;1318;134;40
04/12/2021;529,7438354;29,34798622;6,334434032;1119;137;41
05/12/2021;533,5670166;29,40659332;6,358974457;3150;138;43
06/12/2021;534,8120728;29,23077011;6,341880322;3150;141;45,39655304
07/12/2021;526,3084717;29,01098824;6,314529896;3150;130,2757263;36
08/12/2021;526,4898682;29,07707024;6,294017315;3150;130;36
09/12/2021;526,0458984;29,10692024;6,2658391;3150;130;35,89858627
10/12/2021;526,4511719;29,04029274;6,345299244;3150;130;35
11/12/2021;524,8276978;28,93772888;6,403419018;3150;131;36,0170784
12/12/2021;538,5717773;29,53846169;6,321367741;1405;139;43
13/12/2021;521,156189;29,29814529;6,582731247;2820;138;45
14/12/2021;523,2527466;29,26007271;6,516239166;2820;138;44,01657867
15/12/2021;540,7493896;29,39267349;6,618803501;2119;138;43
16/12/2021;529,5419312;29,31868172;6,504638672;2218;139;45
17/12/2021;535,730957;29,30794144;6,459664822;2218;138;43
18/12/2021;537,0064087;29,34798622;6,499145508;2218;135;41,20923233
19/12/2021;535,2514648;29,28937721;6,32014513;3537;138;41,70915222
20/12/2021;545,8590088;29,43737793;6,471795082;3537;139;42
21/12/2021;541,784668;29,31868172;6,422263145;3537;140,4364471;43
22/12/2021;553,1141968;29,50915718;6,485685825;3537;142;45
23/12/2021;541,3199463;29,26637268;6,34873867;3537;138,4924316;42
24/12/2021;552,8297729;29,40659332;6,47863245;3537;140,541748;43
25/12/2021;545,736084;29,32529068;6,393162251;3537;139,4992676;42,50125122
26/12/2021;545,6882324;29,44343567;6,512820721;1119;139;42,45648956
27/12/2021;542,7910767;29,26007271;6,38290596;1119;139;42
28/12/2021;551,3052368;29,66539192;6,434187889;1405;140;42,18684769
29/12/2021;541,0074463;29,83150101;7,063248158;1405;138;41,72042847
30/12/2021;580,9307251;28,36630058;6,813675404;1219;130;43
31/12/2021;542,0599976;29,31868172;6,326749802;1219;135,5547333;40,44475174
01/01/2022;541,3009033;29,26007271;6,423931599;1219;136;40,7051506
02/01/2022;528,9707031;29,09890175;6,415842056;1318;136;40
03/01/2022;548,6880493;29,53846169;6,358974457;1318;135;40,18077469
04/01/2022;544,0510864;29,42124557;6,454700947;1318;138,8215027;41,8220253
05/01/2022;536,5282593;29,2592926;6,642735004;1318;136,1620789;39
06/01/2022;534,6993408;29,13166618;6,249572754;1318;136;38
07/01/2022;543,9249268;29,27472496;6,27692318;1119;134;38
08/01/2022;537,1737671;29,29582405;6,417094231;1119;134,9573517;37,95684052
09/01/2022;530,9358521;29,34798622;6,461538315;1120;136,8592377;40
10/01/2022;528,0397339;29,39706993;6,427350521;2118;138;42
11/01/2022;524,3077393;28,97823906;6,899849415;2218;137;41,91675186
12/01/2022;527,760376;29,05494499;6,366820335;2218;139;43
13/01/2022;536,5613403;29,61172104;6,329352856;2119;139,9190063;43,91951752
14/01/2022;522,9295044;29,113554;6,170940399;1400;135;40
15/01/2022;523,7225342;29,06959724;6,375405312;1400;136;42,83640671
16/01/2022;545,2907715;29,45055008;6,184287548;1119;140;43
17/01/2022;534,3712158;28,64468956;6,263247967;1405;138;42
18/01/2022;548,9946899;29,49450493;1,494017124;1405;128;35,51197433
19/01/2022;506,1861267;24,25082779;6,280342102;4300;213;38
20/01/2022;499,6354675;23,22344398;5,89401722;4300;213;38,58519363
21/01/2022;540,9838257;27,63369942;6,291401863;4300;213;33,39152527
22/01/2022;542,6080933;27,20879173;6,258701801;4300;213;32,54141235
23/01/2022;524,4046631;28,11721611;6,222222328;4300;213;36,51138306
24/01/2022;529,3994751;28,04395676;6,218803406;4300;213;41,57519913
25/01/2022;532,574707;28,63292313;6,252991676;4300;213;44,6141777
26/01/2022;527,7114258;27,44322395;6,184615612;4300;213;45
27/01/2022;533,2670288;28,42490768;6,324786186;4300;213;44
28/01/2022;534,7381592;28,37273216;6,22855711;4300;213;41,3123436
29/01/2022;530,994751;27,93058014;6,263247967;4300;213;40,31967926
30/01/2022;534,9628296;28,93772888;6,232478619;4300;213;41,38282013
31/01/2022;533,0328369;28,23443222;6,251056194;4300;213;43
01/02/2022;510,4881592;24,77655792;5,928205013;4300;213;36
02/02/2022;539,0633545;28,36630058;6,410256386;1119;213;36
03/02/2022;557,008606;29,07434464;6,516239166;1119;213;47
04/02/2022;555,5671997;29,04029274;6,471795082;1219;213;48,55764008
05/02/2022;559,5750732;29,12820435;6,510075569;1219;213;47
06/02/2022;584,9921875;29,56776619;6,57435894;1318;213;50,4367218
07/02/2022;573,788208;29,28937721;6,760397911;1318;213;46
08/02/2022;570,3707886;29,43128204;6,492307663;1318;213;45
09/02/2022;551,9110107;28,9806881;6,609524727;1119;213;45,35850525
10/02/2022;565,2417603;29,50915718;6,406837463;1119;213;41,7199707
11/02/2022;544,9282227;28,90606117;6,331624031;3150;213;43,30317688
12/02/2022;550,2883301;29,31868172;6,311110973;3150;213;45
13/02/2022;543,5516357;28,86446953;6,358974457;3150;213;48
14/02/2022;551,3268433;29,36263657;6,328205109;3255;213;47,15897751
15/02/2022;555,5673218;29,09809303;6,491738319;3260;213;45,08580399
16/02/2022;567,8543701;29,43589783;6,331624031;3260;213;45
17/02/2022;559,2576294;29,21473312;6,522245884;3255;149,0623474;46,0618248
18/02/2022;563,4119873;29,57535934;6,410256386;3150;147,886795;47
19/02/2022;551,2182007;29,06471825;6,461538315;3150;148;47
20/02/2022;556,7315674;29,40659332;6,205128193;3150;148;47
21/02/2022;547,0334473;28,83516502;6,46837616;1400;146;46,98233795
22/02/2022;544,8404541;29,04375839;6,352136612;2118;147;48,94241333
23/02/2022;548,956543;29,23618317;6,615384579;2118;145;46,87921524
24/02/2022;544,1517334;29,15750885;6,614408493;2820;143;45,14776993
25/02/2022;547,2689209;29,1721611;6,553846359;2119;144;46,19954681
26/02/2022;561,7107544;29,43589783;6,605128288;2218;144;48,30206299
27/02/2022;550,013916;29,18681335;6,625640869;2218;143;46,36723328
28/02/2022;545,5101929;28,74725342;6,300854683;3537;141;43
01/03/2022;543,7571411;28,73802376;6,417094231;3537;143;45
02/03/2022;549,8442383;29,113554;6,400000095;3537;145;46
03/03/2022;519,3877563;25,62343025;6,051281929;3537;124;34,30438232
04/03/2022;513,3710938;25,94871902;6,153846264;3537;122;31,21799278
05/03/2022;558,958313;29,40659332;6,598290443;3537;136;41,82766724
06/03/2022;545,2297974;28,99633789;6,33995533;1400;140,2119751;44
07/03/2022;549,0881348;29,06479645;6,403419018;1400;142;43
08/03/2022;546,6333618;28,95238113;6,429401875;1219;146;46
09/03/2022;546,8779907;29,00586891;6,348718166;1219;143;44
10/03/2022;565,5100098;29,63594055;-0,068376072;1119;145,0601501;46,91031647
12/03/2022;545,1000366;28,52747345;6,543589592;1119;136;38,89196777
13/03/2022;568,9403076;29,61172104;6,570031643;1120;144;44
14/03/2022;551,5889282;29,24542046;6,413675308;1219;146;47
15/03/2022;555,8756104;29,36263657;6,483668327;1219;146;46
16/03/2022;557,3742676;29,23077011;6,441025734;1318;148;47
17/03/2022;557,972168;29,56776619;6,584615231;1318;146,1983337;46,60231018
18/03/2022;566,9975586;29,62637329;6,461538315;1318;150;48,19875336
19/03/2022;561,0144043;29,50915718;6,509401798;1318;150;48,68513489
20/03/2022;562,9602661;29,50419617;6,547008514;1318;146,5230713;45
21/03/2022;564,8005981;29,61172104;6,434187889;1318;145,5822449;45
22/03/2022;566,8937378;29,72893715;6,639316082;1405;146,680069;46,6805954
23/03/2022;545,3724976;29,24542046;6,444444656;1405;144,1858368;45,18532181
24/03/2022;555,0800781;29,43589783;6,553521633;2119;146;46
25/03/2022;541,2943115;29,28937721;6,505982876;2820;143;45,09434128
26/03/2022;551,7268677;29,47985268;6,570940018;2820;141;43
27/03/2022;550,2962646;29,31868172;6,389743805;2118;144;45
28/03/2022;552,0021362;29,37728882;6,410256386;2118;144;45,63221741
29/03/2022;541,1793823;28,94612312;6,437606812;2119;143;45
30/03/2022;541,3781738;29,09262085;6,410256386;2218;145;47
31/03/2022;541,7954102;29,14252472;6,352136612;2218;139;42
01/04/2022;533,0108032;29,23077011;6,32383728;2119;136,2775574;41
02/04/2022;533,9460449;29,47754669;6,393473148;1400;140;44,26188278
03/04/2022;540,2983398;29,43284035;6,345299244;1120;142;45
04/04/2022;524,690979;28,68864441;6,328974247;1119;137,0919647;44
05/04/2022;520,6435547;29,0842495;6,163787842;1119;140;46
06/04/2022;517,430481;29,27472496;6,10598278;1119;138;41,10835266
07/04/2022;513,7191162;29,06959724;6,162643433;1119;141;45,10207748
08/04/2022;516,4262695;29,33333397;6,153846264;1119;136;44
09/04/2022;509,1456909;28,61505318;5,71282053;1119;137;43,90801239
10/04/2022;507,9259644;29,21611786;5,855247974;1119;144;46,75322723
11/04/2022;507,3808289;28,89396095;5,791452885;1119;144;46,14717865
12/04/2022;506,0046997;28,914505;5,811965942;1119;140;44,21519852
13/04/2022;522,7783813;28,87912178;5,887179375;1119;144;45,25043488
14/04/2022;519,0614624;29,31868172;5,736752033;1400;145;46
15/04/2022;508,7747803;29,18681335;5,535042763;1400;143;41
16/04/2022;527,399292;29,52455521;5,620512962;1219;143;41
17/04/2022;526,8959351;29,47985268;5,606837749;1318;144;42,83796692
18/04/2022;526,1504517;29,44668198;5,694728374;1318;143;42,27283478
19/04/2022;518,0900879;29,42124557;5,555342674;1318;143;44
20/04/2022;508,2904663;29,24542046;5,620512962;1120;143;42,49716949
21/04/2022;518,1401367;29,47924614;1,408547044;1120;144;45,41461563
27/05/2022;522,7252808;26,66666603;6,18401289;3255;114;30
28/05/2022;499,3941345;26,65201569;5,98974371;3255;114;29,93182755
29/05/2022;501,019104;26,97435951;5,62735033;3255;116;30
30/05/2022;495,5894165;27,06760406;6,335446835;3255;115;29
31/05/2022;505,250946;27,30813217;5,887179375;1119;111;29
01/06/2022;491,8846741;28,95238113;6,198290825;1119;122;32,48722076
02/06/2022;498,5986938;29,54481316;0,352136761;1119;125;35,58260727
03/06/2022;563,930603;28,74725342;6,683760643;1119;120;37
04/06/2022;528,1717529;28,04395676;6,529914379;1119;122;37,37691498
05/06/2022;536,9716187;28,04395676;6,115053177;1120;123;39,59557724
06/06/2022;504,3880005;29,34798622;6,294017315;1120;131;40
07/06/2022;504,1079407;28,46886444;6,222222328;1400;130;42,60822678
08/06/2022;503,4567871;29,27472496;6,242734909;1118;131;39,2232132
09/06/2022;505,4793396;29,15450859;6,256410122;1120;129;38,11649704
10/06/2022;509,8273315;29,31709862;6,205128193;1120;132,5833282;41,61523819
11/06/2022;502,1182251;29,40213966;6,205128193;1119;130;39,51315689
12/06/2022;501,0853577;29,23077011;6,211966038;2118;130;39,426548
13/06/2022;495,5271301;29,28937721;6,167521477;2820;130;40
14/06/2022;505,1683044;29,39600754;6,235897541;2119;133;41,62446213
15/06/2022;515,9387207;29,27472496;6,266666889;2218;134;42,30877304
16/06/2022;501,1455383;29,03305435;6,294017315;2218;129;38,80611801
17/06/2022;496,3716736;29,1428566;6,160683632;2119;131;41,08418655
18/06/2022;501,6882935;29,27276421;6,225641251;2118;130;39
19/06/2022;516,333252;29,52737045;6,153846264;2218;130;38,83207321
20/06/2022;506,6177979;29,28937721;6,256410122;3537;131;39
21/06/2022;518,1109619;29,49450493;6,177777767;3537;135;42,19874191
22/06/2022;498,8592224;29,18681335;5,952136993;3537;136;43
23/06/2022;527,2415161;25,28937721;6,396581173;3537;112;32,90769577
24/06/2022;527,1418457;27,38461494;6,40151453;3537;116;32,2197113
25/06/2022;531,5006714;28,33924866;6,023931503;3537;116;33
26/06/2022;486,810791;28,27838898;6,121425629;3150;127;36,32779694
27/06/2022;505,0790405;29,24542046;6,035603523;3150;136;42,28160477
28/06/2022;494,4506226;28,90842438;5,917620659;3150;138;45
29/06/2022;516,6184082;29,59706879;6,109213352;3255;137;42,909935
30/06/2022;524,3267212;29,64102554;6,102564335;3255;139;41
01/07/2022;510,458313;29,21611786;6,161982536;3255;138;40,31082153
02/07/2022;579,0836792;28,41025734;6,758974552;3255;128;42,84332657
03/07/2022;564,510437;28,38095284;6,724786282;3260;130;42
04/07/2022;572,8432007;28,20512772;6,563572884;3260;130;43
05/07/2022;559,8225098;27,92674065;6,550427437;3255;131,8834229;44,11709213
06/07/2022;553,1920776;28,14652061;6,598290443;3255;131;43,03487015
07/07/2022;553,1294556;28,58608055;6,649135113;3150;132;46
08/07/2022;548,1159058;28,17582512;5,791452885;3150;132;45
09/07/2022;476,1895447;24,98168564;6,447863102;3150;116;32,09538651
10/07/2022;554,3349609;28,23443222;6,447863102;4300;119;38
11/07/2022;513,4697876;26,84955406;6,365811825;4300;125;43
12/07/2022;506,8020325;25,67033005;6,362393379;4300;120;39,33368683
13/07/2022;501,9089661;26,16004372;6,620930195;4300;115;32,52672195
14/07/2022;521,6658936;27,08215332;6,652991295;4300;116;34,56246948
15/07/2022;529,5283813;27,35531235;6,594871998;4300;126;44,64255524
16/07/2022;524,8352051;27,41787148;6,57435894;4300;123;42
17/07/2022;521,1674805;27,41391945;6,362393379;4300;119;38,84241104
18/07/2022;522,6141968;27,38461494;6,769230843;4300;118;37
19/07/2022;484,1907043;23,25274849;5,952136993;4300;107;31,94042587
20/07/2022;540,069397;28,36630058;6,724786282;1119;118;34,14367676
21/07/2022;540,6338501;28,27838898;6,417094231;1119;124;41,76586914
22/07/2022;534,934082;28,49816895;6,885839939;1120;123;40
23/07/2022;546,6758423;28,26373672;6,752136707;1219;126;42,32084274
24/07/2022;549,8726807;28,36630058;6,769343376;1219;126,608078;42,21719742
25/07/2022;545,5593262;27,98534775;6,780740738;1318;127;43,41961288
26/07/2022;544,4176025;28,33699608;6,694016933;1318;126;41,55713272
27/07/2022;548,3988647;28,41769791;6,745299339;1318;126,3679581;41,36848831
28/07/2022;509,5354614;29,36263657;6,374759197;1318;133;42
29/07/2022;512,7849731;29,41372871;6,599718571;1119;133;42,3671608
30/07/2022;504,6260376;29,02564049;6,288861752;2119;128;40,54761124
31/07/2022;500,6895142;29,07848167;6,252991676;2820;128;40
01/08/2022;503,3855896;29,18681335;6,336827278;2118;129;40
02/08/2022;512,6414185;29,42013168;6,454092503;2218;130;41
03/08/2022;512,1061401;29,62637329;6,263247967;2218;130;40,62000656
04/08/2022;517,1553345;29,53846169;6,266666889;3537;133;42,1916008
05/08/2022;513,4346924;29,47985268;6,28717947;3537;131;41,14777374
06/08/2022;516,4457397;29,60312653;6,225641251;3537;129,054184;39,05470657
07/08/2022;515,4169312;29,25450516;6,304412842;3537;130;40,94982147
08/08/2022;512,3723145;29,31868172;6,309021473;3537;131;41,08070374
09/08/2022;526,3265381;29,54693031;6,29743576;3260;135,0839539;41,08447266
10/08/2022;528,0266113;29,67970657;6,24727869;3260;134;40,1922226
11/08/2022;526,9562988;29,64102554;6,28717947;3255;135,6627502;43
12/08/2022;509,0600586;29,87545776;6,252991676;3255;132;41,41798782
13/08/2022;502,6054688;29,29768372;6,581196785;3150;132;44
14/08/2022;518,1724243;28,39560509;6,215384483;3150;126;42,52577209
15/08/2022;501,4049377;29,48471451;6,229059696;3150;134;46
16/08/2022;496,3612976;29,0842495;6,225641251;3150;130,4730682;44
17/08/2022;488,7662354;29,20146561;6,239316463;1119;121;36
18/08/2022;488,1780396;29,55364227;6,235897541;1119;132;47
19/08/2022;489,2547302;29,23001862;6,23372364;1119;125;40,63850403
20/08/2022;489,4484558;29,64498138;6,239316463;1405;126;41
21/08/2022;491,2431946;29,18681335;6,20170927;1120;128;43
22/08/2022;491,9793091;29,26007271;6,273504257;1400;128;43
23/08/2022;488,1353455;29,42124557;6,26926136;2820;126;41,15535736
24/08/2022;492,6461182;29,59706879;6,241617203;2119;129;43,86737061
25/08/2022;491,342865;29,55311394;6,218803406;2119;130;43,91631699
26/08/2022;495,1014404;29,36334038;6,205128193;2218;132;45
27/08/2022;486,721405;29,1103878;6,195302486;2119;123;38
28/08/2022;498,7093201;29,53846169;6,309213638;2119;123;37,98212051
29/08/2022;499,8126221;29,01098824;6,28356266;1119;119;32,92995453
30/08/2022;504,4387512;29,55903244;6,294017315;1119;122;34,83181
31/08/2022;509,4786072;29,26007271;6,27692318;1120;128;39,13981628
01/09/2022;502,4813232;29,55740166;6,242485523;1219;132;45,78813934
02/09/2022;497,8162231;29,34798622;6,261524677;1219;130;43,24007416
03/09/2022;503,1559143;29,18979645;6,28717947;1318;130;43,63583755
04/09/2022;508,0055542;29,34798622;6,322843075;1318;130;42
05/09/2022;510,3071899;29,49450493;6,324786186;1318;132;44
06/09/2022;513,920166;29,43425751;6,369210243;1318;134;45,32266998
07/09/2022;513,4186401;29,61314964;6,265907764;1318;131,2786407;43
08/09/2022;507,7966003;27,06227112;6,499145508;1318;123;40,25853729
09/09/2022;509,5499573;29,50915718;6,27692318;1120;132;42,21582413
10/09/2022;506,061615;29,30417252;6,357521534;1120;125;37
11/09/2022;483,9301453;27,72161102;6,153846264;1120;116;32,13919067
12/09/2022;507,2637634;29,94871712;6,252991676;3150;122;32,21058273
13/09/2022;504,6607666;28,67916489;6,347252846;3150;130;41,29299927
14/09/2022;513,3648682;29,90476227;6,402637959;3150;132;41
15/09/2022;509,0244141;29,68806839;6,400000095;3150;133,3589325;43,32570267
16/09/2022;518,3640137;29,64102554;6,280133247;3150;135;43,39639664
17/09/2022;521,9649048;29,72893715;6,307692528;3255;133;39,45272064
18/09/2022;532,2466431;29,83150101;6,256410122;3260;135;40,52526093
19/09/2022;533,053833;29,80219841;6,229059696;3260;138;41
20/09/2022;523,9269409;29,73467636;6,307692528;3255;134;40,37685394
21/09/2022;516,8126831;29,81685066;6,29743576;3255;132;40
22/09/2022;503,6991272;29,31868172;6,28717947;3150;127;36,30221176
23/09/2022;512,3644409;29,43885612;6,27692318;3150;128,2850037;38
24/09/2022;509,7100525;29,5269146;6,240110397;3150;129;38
25/09/2022;509,4642639;29,59706879;6,198290825;3150;130;39,26360321
26/09/2022;505,0079346;29,23077011;6,676923275;3150;130;40,40621948
27/09/2022;532,6296997;27,38461494;6,505982876;1119;123;40,55475616
28/09/2022;540,9216309;28,14652061;6,594871998;1405;124;38,49811935
29/09/2022;540,3956299;28,21832466;6,573732853;1120;122,4432373;37,44270706
30/09/2022;542,4022217;28,20512772;6,632478714;1119;123,5990372;38
01/10/2022;538,3602905;28,19047546;6,526495934;1119;123,4222717;38,57824707
02/10/2022;534,8630981;28,23443222;6,854701042;1400;117;33
03/10/2022;518,7692871;28,13186836;6,239316463;1400;115;33
04/10/2022;526,9450684;27,44322395;6,291223526;1400;116;33
05/10/2022;519,4188232;27,41018295;6,529914379;1119;120;36
06/10/2022;532,6019897;27,76556778;6,390758991;1120;122;39
07/10/2022;505,6083374;29,31868172;6,401761532;1120;134;44
08/10/2022;496,0895691;29,64102554;6,28717947;2820;128;39
09/10/2022;500,249115;29,0473156;6,32480669;2119;129;40,4198761
10/10/2022;512,1915894;29,45055008;6,379288673;2218;126,6452179;36,5355072
11/10/2022;498,6427917;28,59006691;6,435976028;2218;120;33
12/10/2022;511,4103088;29,77819824;6,321583271;1119;132;42,0620079
13/10/2022;497,934082;29,56776619;6,170940399;2118;131;42
14/10/2022;497,9630127;29,47985268;6,331624031;2218;127;38,61810303
15/10/2022;497,1620483;29,59706879;6,112820625;2218;127;37,51542282
16/10/2022;492,540863;29,42331123;6,203082085;2218;127;37,39022827
17/10/2022;502,4891663;29,42124557;6,129914761;3537;128;39
18/10/2022;543,2774048;27,79487228;6,722286701;3537;123,4014359;40,59804916
19/10/2022;544,2739868;28,22502899;6,649572849;3537;125;42
20/10/2022;505,8872986;29,61951637;6,209702492;3537;134;41
21/10/2022;501,3481445;29,45055008;6,027350426;3537;134;43
22/10/2022;523,4833984;29,45055008;6,184615612;3260;136,4203186;41
23/10/2022;527,5272827;29,47985268;6,100944042;3260;136;42,69102478
24/10/2022;529,0076294;29,26007271;6,646153927;3260;134;41
25/10/2022;549,953186;28,49816895;6,666666508;3260;123;37,9233284
26/10/2022;552,8012695;28,35164833;6,584625721;3260;123;39
27/10/2022;532,6838989;28,04395676;6,460834026;3260;124;40
28/10/2022;538,1092529;28,07325935;6,547008514;3255;125,7415695;40
29/10/2022;544,9765015;28,33882713;6,499145508;3255;129;42,62630463
30/10/2022;530,0649414;28,26373672;6,417094231;3150;129;43,48064423
31/10/2022;530,9320679;28,36630058;6,510599613;3150;128;43
01/11/2022;516,3723755;28,17582512;6,410256386;3150;123,7343674;38
02/11/2022;521,0858765;28,26373672;6,516512871;3150;127;42
03/11/2022;514,7050171;28,07325935;6,331624031;3150;128;43,23433685
04/11/2022;519,867981;28,22180367;6,239316463;3150;125;39,10992432
05/11/2022;504,2489929;29,18681335;6,143589973;3150;128;39
06/11/2022;505,85849;29,34798622;6,037606716;3150;129;39,9157486
07/11/2022;495,9801331;29,30402946;6,038491726;3150;130;39,10576248
08/11/2022;495,4672241;29,12820435;6,041025639;3150;129;39
09/11/2022;491,2061157;29,41627884;6,082790852;1400;128;39,10633469
10/11/2022;495,6080322;29,41013145;6,021131992;1120;127,1729202;39
11/11/2022;488,1088257;29,34798622;6,034188271;1119;127;39,81825638
12/11/2022;487,6184082;29,1721611;5,952136993;2820;131;40,48404694
13/11/2022;478,8419189;29,04029274;5,871289253;2820;133;44
14/11/2022;482,4810791;29,0842495;5,979487419;2119;133,5184326;44
15/11/2022;481,8533325;29,0842495;6,01025629;2119;130;41
16/11/2022;480,7385254;28,82051277;6,0854702;1119;131;41,28970337
17/11/2022;494,9052124;29,34798622;6,078632355;1120;130;42
18/11/2022;500,0206909;29,10017204;6,099145412;1219;131,741745;43
19/11/2022;495,7808838;29,47985268;6,129914761;1318;132;44
20/11/2022;497,4198914;29,64102554;6,196421146;1318;132;43,68480682
21/11/2022;491,9981995;29,56776619;6,177777767;1318;133;44,63267136
22/11/2022;516,4971313;29,75824165;6,396464825;1318;133;45,27338791
23/11/2022;500,67099;29,59706879;6,116239548;1318;131;43
24/11/2022;489,01828;29,7142849;6,188034058;1400;129,3336945;43
25/11/2022;491,4676208;29,52132988;5,986324787;1120;128;42
26/11/2022;478,0151672;29,24583054;6,07611227;1120;122;35,1999321
27/11/2022;506,2024841;29,83150101;5,938461781;1119;129;40,16336823
28/11/2022;474,3923645;28,32234383;5,938461781;1119;127;40
29/11/2022;480,3844299;28,73260117;5,955555439;1120;129;39,00541306
30/11/2022;483,360199;29,33333397;5,866666794;1405;131;40
01/12/2022;477,9642334;28,88527489;5,904495716;1120;130;41,16423035
02/12/2022;482,7378235;29,03544807;6,047863483;1405;129;39,67515564
03/12/2022;481,6086731;28,99633789;5,948495865;1400;132;43
04/12/2022;479,3822632;29,01098824;5,947721958;1119;134;45,32690048
05/12/2022;474,7865906;29,17755318;6,102564335;1120;130,2922211;41,2917099
06/12/2022;474,4033813;29,14412498;5,909083843;1119;129;40,26745605
07/12/2022;468,2732544;29,34851456;5,411965847;1119;121;34
08/12/2022;451,189209;28,29304123;5,620512962;4300;119;33,57667542
09/12/2022;458,6373901;27,75091553;5,685470104;4300;125;42
10/12/2022;456,6791992;26,40720558;5,641025543;4300;124;41,53977585
11/12/2022;454,6580505;25,26007271;5,601297855;4300;123;42,55225372
12/12/2022;455,6872253;24,93967628;5,620512962;4300;122;41,52960587
13/12/2022;460,335968;25,78593636;5,80854702;4300;121;39
14/12/2022;465,960083;28,08791161;5,856410503;4300;123;38
15/12/2022;461,0110168;27,9413929;5,835391521;4300;123;38
16/12/2022;456,5832825;26,15384674;5,613675117;4300;121;38,90883255
17/12/2022;458,3273926;26,35897446;5,634188175;4300;121;38,61948013
18/12/2022;458,1504822;26,30036736;5,72307682;4300;120;37,78366089
19/12/2022;497,2172852;24,20512772;-0,044444446;4300;107;34
18/01/2023;560,7441406;27,83882713;6,352136612;0;120;35
19/01/2023;543,5332031;27,79487228;6,728205204;0;124;43,43448257
20/01/2023;535,2033691;27,50183105;6,345299244;1119;126;43,43987274
21/01/2023;530,8483276;28,17582512;6,516239166;1119;127;45
22/01/2023;493,6882324;29,55311394;6,092307568;2118;135;44,86146927
23/01/2023;480,6163025;29,02564049;5,846153736;2218;136,974411;46,97389603
24/01/2023;489,1066284;29,12820435;5,875104427;2218;136;45
25/01/2023;490,5701904;29,113554;5,890598297;2218;136;44,07100296
26/01/2023;496,8353882;29,20146561;5,856410503;3537;133,1339417;41,13631821
27/01/2023;493,8150024;29,1721611;1,699145317;3537;137;44
28/01/2023;508,1891174;29,21611786;5,907692432;3537;138;46
29/01/2023;502,0610352;29,16413116;5,931623936;3537;136,0891113;46
30/01/2023;506,6073608;29,20146561;5,9145298;3537;138,9655457;46
31/01/2023;505,6124573;29,21611786;6,540171146;3537;137,9589539;45,04156113
01/02/2023;548,8530273;27,69230843;6,605128288;3537;129;45,9876709
02/02/2023;545,9474487;27,82417679;6,570940018;3537;129;45
03/02/2023;490,6024475;28,6007328;5,924786568;3537;138;45
04/02/2023;493,9780579;28,71794891;6,01025629;3537;138;44,87376022
05/02/2023;486,3795166;28,92307663;6,195049763;1119;136;44
06/02/2023;508,8666382;29,09890175;6,326047897;1119;135;45,77531052
07/02/2023;510,6767273;29,69963455;-0,102564104;1119;133;44,83221817
08/02/2023;505,1407166;28,90842438;6,15733242;3150;136;47
09/02/2023;501,0434875;28,97613144;6,252991676;3150;138;48,8457489
10/02/2023;537,2454224;28,04395676;6,740419865;3150;130;46,22363663
11/02/2023;536,3353271;28,01465225;6,485470295;3150;126;43
12/02/2023;536,7628174;28,20606613;6,475213528;3150;126;42,61488342
13/02/2023;532,3344727;27,76556778;6,29743576;3150;125;43
14/02/2023;523,8851929;27,79487228;6,482051373;1119;125;43,32819748
15/02/2023;546,0383911;28,11721611;6,772649765;1120;123;40
16/02/2023;524,2822876;28,08791161;6,735042572;2820;125;44
17/02/2023;533,7822876;27,85347939;6,758974552;2118;126;45,58176041
18/02/2023;531,0446777;27,75091553;6,929914474;2119;118;36
19/02/2023;533,1314697;27,88855743;6,776068211;2118;121;39,63611984
20/02/2023;529,8725586;28,08791161;6,745299339;1119;125;42
21/02/2023;526,1176758;27,73626328;6,738461494;1119;125;42,87249374
22/02/2023;533,0238037;28,19047546;6,584615231;1219;126;43,93570709
23/02/2023;529,9869995;28,29304123;6,632478714;1225,522583;125;42
24/02/2023;545,289856;28,33699608;6,663248062;1318;126;43
25/02/2023;539,5350342;28,27838898;6,601709366;1318;128;45
26/02/2023;536,0568848;28,27838898;6,714529991;1318;126,2005692;42,20005798
27/02/2023;532,1873169;27,76556778;6,543589592;1318;126,7433395;44,21974945
28/02/2023;530,5756836;28,42490768;6,504933357;1318;128;45
01/03/2023;533,3022461;28,27838898;6,746571064;1318;128;44,39900589
02/03/2023;539,1437378;28,32372856;6,670893192;1318;128;44
03/03/2023;546,6005859;28,26373672;6,525316238;1119;128;45,10096359
04/03/2023;519,4938965;28;6,463630676;1119;129;46,93715668
05/03/2023;530,5394897;28,27838898;6,623343945;1119;128;46
15/03/2023;536,2021484;28,08791161;6,649572849;1119;126;42,44301224
16/03/2023;536,1601563;27,85347939;6,632478714;1119;129;44
17/03/2023;532,9249268;27,82417679;6,582342148;1119;128;44,50978851
18/03/2023;491,8692932;29,26007271;6,078632355;1119;133;43
19/03/2023;495,1604919;29,49379158;6,082051277;1119;134;44,3174324
20/03/2023;490,7784424;29,09890175;6,143073559;1119;133;45
21/03/2023;494,7883606;29,36512566;6,243719578;1119;133;44,73669815
22/03/2023;489,8540955;28,73260117;6,09572649;3150;133;44,30181503
23/03/2023;491,3406982;28,97239876;6,184615612;3150;134;44,30609894
24/03/2023;493,6696167;29,12820435;6,177777767;3150;136;46
25/03/2023;499,35672;29,25056648;6,211966038;3150;136;45,64957428
26/03/2023;506,5961914;29,12820435;6,270718098;3255;137;46
27/03/2023;510,1765747;29,34307671;6,194871902;3255;136;42,22652817
28/03/2023;509,3683167;29,45055008;6,153846264;3260;135;41,88538742
29/03/2023;505,921051;29,20146561;6,129884243;3260;138;44
30/03/2023;516,5309448;29,53846169;6,184615612;3260;138;44
31/03/2023;519,4937134;29,59706879;6,218803406;3260;141;45,6734314
01/04/2023;511,0353394;29,37728882;6,263247967;3255;136;43
02/04/2023;509,2813721;29,12820435;6,188034058;3255;133;40
03/04/2023;499,0541992;28,96703339;-0,068376072;3255;131;40
13/04/2023;503,5391541;28,96703339;6,362456799;1119;138;45
14/04/2023;501,0710144;28,84612083;6,317948818;2820;133;41,04272079
15/04/2023;499,7217102;29,04029274;6,225641251;2820;133;42
16/04/2023;502,2213745;29,06959724;6,257151127;2118;135;42
17/04/2023;500,9127197;29,33333397;6,333819389;2218;136;44
18/04/2023;537,4595337;27,82417679;6,810256481;2218;126;41
19/04/2023;536,84729;28,25188255;6,694016933;2118;125;39,20389938
20/04/2023;520,7124023;28,10256386;6,509401798;2119;124;39
21/04/2023;532,1566162;27,76556778;6,27692318;1400;126;39,0834198
22/04/2023;504,9402161;29,21136665;6,18119669;1400;133;40,67288208
23/04/2023;504,2163086;29,12820435;6,188034058;1219;132;40
24/04/2023;500,5545349;29,43651962;6,237963676;1219;135;44
25/04/2023;492,7171326;29,15750885;6,642735004;1219;133;43,57191849
26/04/2023;489,863739;29,29384422;6,184165478;1318;131;42
27/04/2023;486,8737488;29,26202011;6,220706463;1318;131;42,58403015
28/04/2023;495,0947876;29,47505188;6,167521477;1318;132;40,17840576
29/04/2023;524,2478027;28,07325935;6,280342102;1318;124,7708435;40,45915604
30/04/2023;521,8306274;27,85481071;6,325666904;1318;126;42,35172653
01/05/2023;547,1235352;28,33699608;6,779487133;1318;126;42
02/05/2023;530,1762695;27,96291351;6,860013008;1318;124,5321732;42
03/05/2023;530,1193848;28,13186836;6,543589592;1318;124,1125031;41
04/05/2023;536,0269165;28,23443222;6,625640869;1318;127;42,69685745
05/05/2023;533,5811768;28,17582512;6,523077011;1318;129,2857361;45,2853241
06/05/2023;524,8384399;27,69230843;6,591619968;1119;127;45
07/05/2023;520,0228882;27,80952454;6,47863245;1120;129;46,54636765
08/05/2023;517,7769165;28,17582512;6,474483013;3150;130;47
09/05/2023;514,9472656;27,86778259;6,413702965;3150;126,6600494;43,34037018
10/05/2023;512,1033325;27,79487228;6,581196785;3150;126;43,75477219
11/05/2023;526,8586426;27,89743614;6,731624126;1119;124;42,17620087
12/05/2023;538,3960571;28,23443222;6,280342102;1119;122;39,58026505
13/05/2023;490,4955444;29,39194107;6,167521477;1120;128;37
14/05/2023;486,5721436;29,15101814;6,270085335;1119;126;37,59976578
15/05/2023;487,5431213;29,45584297;6,150790691;1120;127;38
16/05/2023;494,9924316;29,72893715;6,116239548;1400;128;39
17/05/2023;493,6889954;29,18681335;6,177777767;1120;128;39
18/05/2023;487,1100159;29,49450493;6,27692318;1405;128,0045319;39,97063828
19/05/2023;494,3763428;29,39194107;6,147008419;1405;129;41,45521545
20/05/2023;484,2761841;29,15750885;6,180944443;1120;129;41
21/05/2023;483,2809753;29,12624931;6,268020153;2119;129;41,70785522
22/05/2023;497,4554138;29,25417709;-0,023931624;2119;131;41
09/06/2023;515,2659912;29,64102554;6,037606716;3255;136;45
10/06/2023;501,3342285;29,09808731;6,020513058;3150;131;44
11/06/2023;502,4875183;29,45055008;6,130264282;3150;128;40
12/06/2023;514,3498535;28,30769157;6,249572754;3150;124;40
13/06/2023;502,1074829;29,31868172;6,127976418;3150;125,7016373;37,26764679
14/06/2023;513,4974976;29,1721611;6,461538315;3150;123,8916245;38
15/06/2023;514,3881226;29,25494766;6,332946301;3150;127;41,06893158
16/06/2023;508,7503662;29,35547829;6,249572754;1400;122;37,0557518
17/06/2023;508,9874573;29,28937721;6,239316463;1400;124;38,65750504
18/06/2023;509,8343201;29,55311394;6,202705383;1120;122;36,75783539
19/06/2023;505,8574829;29,41895676;6,19145298;1119;121;36
20/06/2023;506,1537781;29,40659332;1,695726514;1119;119;35
21/06/2023;498,4709473;29,42124557;6,290598392;1119;120;36,93735504
22/06/2023;497,3638611;29,03843117;6,28717947;1119;120;37
23/06/2023;500,4871826;29,33333397;6,300854683;1219;121,3447571;36,55470276
24/06/2023;499,809082;28,96703339;6,246058464;1219;124;40
25/06/2023;513,6140137;29,53846169;6,331354141;1318;124;40
26/06/2023;503,7468872;29,20146561;6,162816525;1318;123;38,10974503
27/06/2023;503,723999;29,07249641;6,116239548;1318;127,0689316;44,06946564
28/06/2023;491,375946;29,12820435;6,225641251;1318;129;43,06504059
29/06/2023;488,7263794;29,1428566;6,116239548;1318;126;40
30/06/2023;494,51651;29,62637329;6,112820625;1318;124,0663223;39,06683731
01/07/2023;486,0101624;28,99633789;6,188034058;1318;126;41
02/07/2023;491,3118591;29,1428566;6,177777767;1318;129;42,09817505
03/07/2023;480,5753174;29,18681335;6,020513058;1119;129;43,57149506
04/07/2023;469,5180969;29,02383804;6,071794987;2820;125,304718;41,69475174
05/07/2023;479,3672791;29,28937721;6,147300243;2119;124;39,54436874
06/07/2023;470,2591553;29,25183868;6,01800251;2218;122;37
07/07/2023;477,0326843;29,113554;6,147008419;2218;126;40
08/07/2023;479,8371277;28,99633789;6,034188271;2119;128;43
09/07/2023;475,0178223;29,1428566;6,102564335;2119;130;44
10/07/2023;482,1693726;29,24462891;6,107766628;2218;134;47
11/07/2023;483,2563782;29,04029274;6,042301178;3537;128;41,11291885
12/07/2023;482,6088867;29,05007935;6,129914761;3537;130;41
13/07/2023;483,9429932;29,01098824;6,099145412;3537;130;43,97347641
14/07/2023;474,4352722;28,04395676;5,986324787;3537;114;30
15/07/2023;463,272644;27,76556778;5,970489025;3537;112,1781464;31,82236481
16/07/2023;467,5043945;25,02564049;5,835897446;3537;107;31
17/07/2023;500,1036987;27,85002136;6,263247967;3537;112;31
18/07/2023;469,8448486;25,91941452;6,078632355;3537;109;30,60774803
19/07/2023;472,2695313;27,70696068;6,027350426;3150;116;32
20/07/2023;481,151825;29,05494499;5,938461781;3150;133,5126038;48
21/07/2023;490,7810974;29,15221024;5,938461781;3150;132;45,441082
22/07/2023;482,2027283;29,070755;5,856410503;3255;132;45
23/07/2023;497,9394836;29,08517265;5,90427351;3260;131;44
24/07/2023;488,0847473;29,02564049;5,958974361;3260;129;41
25/07/2023;485,9578247;29,12820435;5,92572546;3260;129;41
26/07/2023;486,1404419;29,21611786;5,962393284;3260;129;42
27/07/2023;509,5178528;28,30769157;6,157265186;3255;121,4270096;39,42753601
28/07/2023;495,3926392;28,29200172;6,160683632;3150;119;38
29/07/2023;512,5344238;28,42001915;5,958974361;3150;118;37
30/07/2023;478,4465027;29,04029274;5,952136993;3150;124;38,2454834
31/07/2023;477,3947754;29,15750885;5,945299149;3150;126;39
01/08/2023;480,2659302;29,58467102;5,958974361;1400;126;40
02/08/2023;501,9908752;28,0293045;6,550427437;1119;120,9252167;41,07531357
03/08/2023;523,7487793;28,20512772;6,38290596;1120;120,7174377;42
04/08/2023;520,810791;28,49816895;6,447863102;1119;119;40
05/08/2023;469,7762756;28,6593399;5,966164112;1400;124;40
06/08/2023;484,7016296;28,20512772;6,092307568;1400;121;42
07/08/2023;499,1459961;28,11721611;6,081498146;1405;121;42
08/08/2023;483,5132751;27,72161102;6,078632355;1119;117;37,40110397
09/08/2023;461,5139465;29,30402946;6,023931503;1119;118;35,66153336
10/08/2023;437,9519348;23,63369942;5,145299435;1119;104;31,28495407
11/08/2023;437,9039612;24,6007328;5,852991581;4300;107;31,21590233
12/08/2023;449,3431396;28,77655602;5,965812206;4300;118;38
13/08/2023;448,9706726;28,64468956;5,962393284;4300;115;35,71788025
14/08/2023;446,1778259;28,68864441;5,982905865;4300;114;35
15/08/2023;454,5531006;29,00903893;5,924786568;4300;119;38
16/08/2023;451,2339783;28,79120827;6,01025629;4300;120;39,84816742
17/08/2023;458,7619934;29,02564049;5,873504162;4300;122;42,87405014
18/08/2023;457,5686646;28,20512772;5,876923084;4300;121;43
06/09/2023;515,5639038;26,50549507;6,249572754;4300;113;31
07/09/2023;508,3616028;27,98534775;6,475213528;3150;115;33
08/09/2023;528,9865112;27,83882713;6,273383141;3150;110;31
09/09/2023;481,4633789;28,29304123;6,29743576;3150;123;39,19497299
10/09/2023;478,8960571;29,06959724;5,945299149;3150;116;31,49388313
11/09/2023;479,8556824;29,28937721;6,027350426;3150;118;33
12/09/2023;488,5473938;29,23077011;6,078632355;3150;130;44,39160156
13/09/2023;493,1520691;29,1679554;6,136752129;3150;126;40,66884232
14/09/2023;495,4449768;29,02564049;6,092307568;3150;125;38,74158859
15/09/2023;504,9328918;29,2804985;6,013675213;3255;128;39,86942291
16/09/2023;502,7071838;28,97746658;5,955555439;3260;128;39,06577301
17/09/2023;510,5911865;29,1721611;5,983551979;3260;133;42,03092194
18/09/2023;508,7617493;29,23077011;5,98974371;3260;136;45,95614243
19/09/2023;512,5740356;29,40659332;6,049128532;3255;136;45
20/09/2023;499,0352783;29,37728882;5,982905865;3255;128,1898346;40,80615997
21/09/2023;494,7913208;29,67998695;6,047863483;3150;132;44
22/09/2023;489,1151123;29,52380943;6,0854702;3150;132;45
23/09/2023;494,1523743;29,40659332;6,676923275;3150;129,5712738;42
24/09/2023;532,4090576;28,11315727;6,76581192;3150;124;44,27370453
25/09/2023;533,5073242;27,98534775;6,704273701;1405;120;41
26/09/2023;519,5881348;27,41391945;6,694016933;1120;119;40
27/09/2023;522,7999878;27,32600784;6,471795082;1119;118;40,94512558
28/09/2023;516,8656006;28,26373672;6,6004529;1119;113;33
29/09/2023;520,1587524;28,55677605;6,639316082;1120;115;37,13869476
30/09/2023;514,6865845;27,58974457;6,594871998;2820;118;42
01/10/2023;480,5865784;29,64102554;6,153429031;2820;125;40
02/10/2023;477,0437622;29,1428566;6,075213909;2119;125;40
03/10/2023;485,7940369;29,23991203;6,020513058;2218;125;39
04/10/2023;481,2714233;29,47985268;6,100928783;2218;126;40,76008987
05/10/2023;490,8449097;29,35567284;5,976068497;3537;127,2487106;42
06/10/2023;496,3225708;29,24867439;1,596581221;3537;129,6931152;41,30740738
07/10/2023;498,5300293;29,49456215;6,177777767;3537;130;42
08/10/2023;493,3078918;29,23077011;6,092307568;3537;128;41
09/10/2023;496,6166687;29,27472496;6,0854702;3537;127;40,64263535
10/10/2023;490,7391663;29,20449448;6,023931503;1400;130;42
11/10/2023;500,71521;29,49412155;6,160683632;1120;133;45,18642426
12/10/2023;487,8521118;29,39194107;6,157265186;1405;124;37,81889343
13/10/2023;491,7884827;29,33333397;6,102564335;1405;124;37,83599091
14/10/2023;489,1512451;29,38310051;6,058119774;1120;126;39,92657852
15/10/2023;494,776001;29,42124557;6,027350426;1119;127;41
16/10/2023;484,378418;29,40659332;6,122534752;1119;129;42
17/10/2023;494,5712891;29,53846169;6,120249271;1120;126;40,28171539
18/10/2023;481,9787598;29,37613487;6,109401703;1119;121;35,37395096
19/10/2023;495,0762939;29,27472496;6,013675213;3150;123;38
20/10/2023;490,1517029;29,04029274;5,982905865;3150;125;39
21/10/2023;490,4033813;29,12820435;6,020513058;3150;125,4077377;39,40722275
22/10/2023;492,9230957;29,31868172;6,020513058;3150;127;41,8248558
23/10/2023;499,2225037;28,96703339;6,01025629;3255;129;40,92020035
24/10/2023;504,8085327;29,28825188;6,01025629;3255;132;42,04816437
25/10/2023;515,2897949;29,50915718;6,028532505;3260;130;39
26/10/2023;505,2749023;28,96703339;6,027350426;3260;129;38,85365677
27/10/2023;516,9918823;29,09890175;5,948718071;3260;130;38
28/10/2023;517,0455933;29,18681335;5,98974371;3260;136;42,30832291
29/10/2023;517,1636353;29,1428566;6,009424686;3260;140;46,41579437
30/10/2023;513,5082397;29,1428566;6,012358189;3260;138;46
31/10/2023;509,801239;29,28179169;5,952136993;3260;134;43
01/11/2023;511,6306763;29,22912216;5,98974371;3260;134;43,21817017
02/11/2023;499,9236145;29,09890175;5,965812206;3260;130;42,91054535
03/11/2023;501,3332825;29,27472496;6,013473511;3260;132;43,99385452
04/11/2023;491,8994751;28,73947334;6,071794987;3255;127;41,10210419
05/11/2023;485,6791077;29,56776619;5,958974361;3213,887207;127;42
06/11/2023;484,3211365;29,43589783;5,928564072;3150;128;44
07/11/2023;488,8587646;29,21611786;6,04195118;3150;128;44
08/11/2023;480,9415894;29,23664474;5,958974361;3150;129;45,24261475
09/11/2023;481,4803467;29,37728882;6,099145412;3150;130;46
10/11/2023;477,5423279;29,20041275;5,931623936;3150;124,671257;42
11/11/2023;481,3585815;29,34798622;5,969230652;3150;129;44,72144699
12/11/2023;485,1804504;29,30004311;6,037316322;3150;131;47
13/11/2023;482,2102356;29,56776619;6,030769348;1119;127;42,42975616
14/11/2023;476,7124634;29,26007271;5,976068497;1119;131;47
15/11/2023;481,6507568;29,20146561;5,98974371;1120;130;47
16/11/2023;472,003479;29,05494499;6,01260519;1400;130;47
17/11/2023;483,0545654;29,37728882;6,034188271;1219;130;46,42137527
18/11/2023;491,8016663;29,23077011;6,311110973;1219;132;46,96720505
19/11/2023;477,7140808;29,1721611;6,061538696;1318;129;45,83953857
20/11/2023;489,0840759;29,49525452;6,015304089;1318;130;45,43769073
21/11/2023;487,6326294;29,7142849;6,027350426;1318;131;46
22/11/2023;488,9085388;29,56776619;6,061538696;1318;133;47
23/11/2023;484,0874634;29,22499275;6,0854702;1318;130;44
24/11/2023;488,6957703;29,27298164;6,020513058;1318;129;43,86296082
25/11/2023;479,9137573;29,37728882;6,078147411;1405;127;42,97548294
26/11/2023;498,0254211;29,64102554;5,962393284;1405;131,2183838;46,78110123
27/11/2023;471,6670837;29,18681335;6,044444561;2820;132;46,73527908
28/11/2023;475,9527893;29,01098824;6,01025629;2118;133;48
29/11/2023;478,0120239;28,84981728;5,897436142;2118;130;44,76081848
30/11/2023;474,0223694;28,87912178;5,9145298;2119;128;43,46363831
01/12/2023;478,7028503;28,84981728;5,931623936;2218;127;42,53582001
02/12/2023;479,5469971;29,02564049;5,907692432;2218;128;43,55925369
03/12/2023;483,7606201;28,46886444;5,805128098;3537;127;43,35331345
04/12/2023;490,5722961;28,33699608;5,966198921;3537;128;43
05/12/2023;491,0769348;28,27838898;5,928205013;3537;126;40,80862427
06/12/2023;485,8442078;28,80586052;5,835897446;3537;129;42
07/12/2023;486,0333557;28,71794891;5,883760929;3537;133;47,99658585
08/12/2023;484,2316284;28,77655602;5,829060078;3537;128;42
09/12/2023;483,4062195;28,55677605;5,835897446;3537;129;44
10/12/2023;488,2294312;28,6593399;5,849692345;3537;130;44
11/12/2023;480,8570251;28,48351669;6,341880322;3537;129,2330017;44,76648712
12/12/2023;542,8826904;28,61538506;6,630208492;1119;123,7590332;44,24149323
13/12/2023;541,6893921;28,49295235;6,667323112;1400;126;47
14/12/2023;551,3225098;28,63003731;6,608547211;1120;127;48,65571213
15/12/2023;525,4817505;28,38095284;6,497637749;1120;123;44,5022583
16/12/2023;539,0215454;27,41391945;6,544994354;1120;121;43,68268967
17/12/2023;533,9202271;28;6,639316082;1120;123;46,20644379
18/12/2023;531,0638428;28,61538506;6,618803501;1120;123;46,07974625
19/12/2023;512,1749268;27,3992672;5,792782784;1119;120,9467926;44
08/01/2024;527,3236694;26,8571434;6,300854683;4300;115;34
09/01/2024;493,1229248;25,39194107;5,883760929;4300;106;33
10/01/2024;497,2120361;27,04761887;6,340806961;4300;118;41,41101074
11/01/2024;530,5889893;27,31135559;6,492307663;4300;121;48,83098602
12/01/2024;515,1699219;27,06227112;6,300854683;4300;118;45
13/01/2024;508,6753235;24,26373672;6,595565319;4300;112;42,01475525
14/01/2024;519,7487793;26,94505501;6,683760643;4300;116;44
15/01/2024;517,4971924;25,61172104;6,486721992;4300;115;44,95790482
16/01/2024;509,8401489;25,04029274;6,321367741;4300;115;46
17/01/2024;500,8236694;24,74725342;6,093811989;4300;111;42
18/01/2024;500,1557617;24,23443222;6,267454147;4300;113;44,85658264
19/01/2024;517,2483521;24,77655792;6,358974457;4300;114;45
20/01/2024;511,2859497;23,98534775;6,362393379;4300;115;44,77957535
21/01/2024;493,6933899;23,69230843;6,153846264;4300;114;43,56531906
22/01/2024;465,7296753;20,29304123;6,529068947;4300;97;31,58894348
23/01/2024;506,3736572;26,54944992;6,526495934;4300;110;33
24/01/2024;499,03302;25,46520233;6,49044323;4300;107;33
25/01/2024;524,6080933;26,81318665;6,76581192;3150;110;32
26/01/2024;519,7069092;26,5880146;7,312820911;3150;124;43
27/01/2024;530,7669067;25,52380943;6,759694576;3150;129;44,41582489
28/01/2024;510,8448486;27,17417336;-0,061538465;3150;124;34,74254227
30/01/2024;563,6139526;26,95970726;7,094017506;1119;126;41
31/01/2024;563,2362061;27,10622787;7,022222519;1119;129,1131744;45
01/02/2024;583,322998;27,22344398;7,24786377;1119;129,9082794;45,0912056
02/02/2024;545,9890747;29,94439507;6,69187355;3150;144;46
03/02/2024;544,5706177;29,3082695;6,707692146;3150;144;47
04/02/2024;547,5222168;29,15750885;6,646153927;3255;150;48,43146515
05/02/2024;550,861084;29,0842495;6,652473927;3255;150,4173431;48
06/02/2024;564,4334106;29,27472496;6,738461494;3260;151;47,71431351
07/02/2024;557,7211304;29,12820435;6,588034153;3260;152;47
08/02/2024;558,602478;29,26007271;7,189743996;3255;152;48
09/02/2024;545,359436;29,04029274;6,663248062;3150;145;47,27759171
10/02/2024;552,3236694;28,96703339;6,758940697;3150;148;48
11/02/2024;546,7840576;29,26218033;6,675758839;3150;150,0675812;49,06705475
12/02/2024;544,7540283;29,26007271;6,635289192;3150;149;48,81147766
13/02/2024;531,8115234;28,86446953;6,680341721;3150;141;43
14/02/2024;528,3363647;29,14278412;6,598290443;3150;142;44
15/02/2024;535,6516113;29,0842495;6,676923275;1400;147;47,7662735
16/02/2024;530,6144409;29,06959724;7,230769634;2119;144;46
17/02/2024;534,3826904;29,24542046;6,707073212;2119;145;46
18/02/2024;535,256958;29,06959724;6,639175892;2218;147,6564484;46
19/02/2024;538,7987671;29,22135735;6,687179565;2218;148;46
20/02/2024;540,2617188;29,45055008;6,731624126;3537;147,3407593;46,34023666
21/02/2024;543,0877686;29,31868172;6,700854778;3537;147;45,85149384
22/02/2024;559,0284424;29,42124557;6,82011652;3537;152;46
23/02/2024;556,2254639;29,21611786;6,758974552;3537;153;48
24/02/2024;551,4735718;29,30402946;6,90185976;3537;148;46,11034775
25/02/2024;553,1184082;29,27472496;7,126058578;1119;148,8280334;45,82752228
26/02/2024;548,9926758;29,01098824;6,834218502;1120;147;45,69789886
27/02/2024;560,3103638;29,45055008;6,923077106;1119;147;46,40255356
28/02/2024;560,3272705;29,6264019;7,234188557;1119;144;46
29/02/2024;573,0980225;29,80219841;6,935716152;1119;145;47
01/03/2024;549,286377;29,02564049;6,837846279;1405;146;47
02/03/2024;562,8925781;29,50915718;6,837606907;1119;145;45,34576797
03/03/2024;556,3050537;29,27106476;6,287845612;1119;147,2075958;47,20708084
27/03/2024;505,6669006;26,06593513;6,341880322;1119;110;32,25283813
28/03/2024;542,0045166;28,3528595;6,680341721;1119;123;46
29/03/2024;502,1133728;29,82082176;6,143589973;1119;131;48,67896652
30/03/2024;494,6209106;29,45055008;6,027131557;1119;131;47,47707367
31/03/2024;490,8892822;29,56776619;6,157265186;1219;131;50
01/04/2024;505,7429504;29,77289391;5,730439663;1219;131,6269989;49
04/04/2024;508,5536499;30,06593513;6,143589973;119;125;39,18489456
05/04/2024;498,6996155;29,57221985;6,037606716;119;134;47,97766876
06/04/2024;497,8109436;29,15750885;6,133333206;1120;132;46
07/04/2024;492,2331238;29,45055008;6,07542944;1219;129;45,38615417
08/04/2024;491,2020264;29,15333366;5,893558979;1318;130;46,47769547
09/04/2024;482,4940796;29,26007271;6,017094135;1318;129,3044281;49
10/04/2024;495,9176025;29,72893715;6,103962421;1318;130,8349304;49,83546448
11/04/2024;488,9076843;29,34798622;6,066522121;1318;130;48,03162766
12/04/2024;490,8484497;29,40659332;6,057628632;1318;129;46,31614685
13/04/2024;494,6289063;29,43960571;6,09572649;1400;129;47,66212463
14/04/2024;482,6373901;29,45055008;5,958974361;1400;127;45,40513992
15/04/2024;480,5288696;29,34798622;5,921367645;1120;125;44,5365181
16/04/2024;476,2488098;29,20146561;6,046382904;1120;213;45,27684021
17/04/2024;482,3113403;29,21611786;6,044444561;1120;213;47,87206268
18/04/2024;487,9995422;29,62104034;6,086378574;1405;213;44
19/04/2024;488,2443848;29,49450493;6,139033318;1120;213;45,27405548
20/04/2024;484,9134521;29,56776619;6,031826019;2820;136;47
21/04/2024;480,1046448;29,27472496;5,976068497;2820;136;47
22/04/2024;483,9225464;29,28937721;5,996581078;2119;138;48,43408966
23/04/2024;482,8837891;29,37728882;5,919066906;2118;138;49,53183746
24/04/2024;480,8374329;29,26007271;5,979487419;2218;138;48,94472122
25/04/2024;484,9111328;29,15639877;5,982905865;2218;134;46
26/04/2024;490,4602966;29,21611786;6,023931503;3537;136;46
27/04/2024;492,9706116;29,46703529;6,054700851;3537;141;49,83135605
28/04/2024;492,7235413;29,26007271;6,054700851;3537;138;47,2065239
29/04/2024;488,8599854;29,58241844;6,136752129;3537;137;47,01392746
30/04/2024;486,2948914;28,81834984;6,089538574;3537;140;50,96626663
01/05/2024;491,707489;29,12820435;6,129914761;3537;140;50
02/05/2024;492,9270325;28,87912178;6,061420918;3537;136;45
03/05/2024;489,4945374;29,19230843;6,153846264;3260;132;41,68616104
06/06/2024;499,5930176;29,77688026;6,078632355;1400;136;46
07/06/2024;498,9737854;29,09890175;6,099145412;1119;135;44,82432556
08/06/2024;487,7854919;29,05024147;6,19145298;1120;134;45
09/06/2024;483,8518677;29,18829918;5,89401722;1405;134;45
10/06/2024;487,4620667;28,61538506;6,006837845;1120;43,39268494;44,8025322
11/06/2024;483,9713745;29,34798622;6,054700851;1400;56;42,6505928
12/06/2024;486,2962036;29,26007271;5,924786568;1219;25,6362915;44,36319351
13/06/2024;485,3642578;29,0299778;6,020513058;1219;-6;45
14/06/2024;483,374115;28,77655602;6,041025639;1318;-6;46,1027298
30/06/2024;513,2536621;28,93772888;6,017094135;3537;137;39,94417953
01/07/2024;501,3943481;28,93772888;5,986324787;3537;132;39
02/07/2024;495,729126;29,21611786;5,990362644;3537;132;42
03/07/2024;485,4602051;28,84999275;6,003418922;3537;128;38,71120071
12/07/2024;517,8129883;29,50915718;6,188034058;1400;136;41,49805069
13/07/2024;519,9469604;29,4037075;6,211966038;1120;136;42
14/07/2024;504,5274963;29,19813347;6,10598278;1400;135;44
15/07/2024;486,1922302;28,42490768;5,189743519;1405;128;40,61312866
16/07/2024;461,8753357;23,29670334;5,98974371;4300;111;33
17/07/2024;462,9904175;26,59340668;5,832912445;4300;126;43
18/07/2024;457,5290222;26,01025581;5,661538601;4300;124;42,88183212
19/07/2024;456,0465393;25,89011002;5,664957523;4300;122;41,39604568
20/07/2024;451,7802429;25,15750885;5,726495743;4300;120;41
21/07/2024;450,8372192;25,83150291;5,620512962;4300;123;43
22/07/2024;452,8351746;25,78754616;5,682051182;4300;124;44
23/07/2024;453,5777283;26,27106285;5,65128231;4300;124;44
24/07/2024;452,3077087;25,96336937;5,634188175;4300;125;44,02194214
25/07/2024;449,1774597;26,27106285;5,682051182;4300;121;41
26/07/2024;454,7149048;27,13553047;5,736752033;4300;123;41,98386765
27/07/2024;453,1503296;26,90109825;5,755178928;4300;122;39,98062897
28/07/2024;456,0042419;27,76556778;5,80854702;4300;125;40,08342361
29/07/2024;443,8851624;22,8278389;5,524786472;4300;108;32,04707718
07/08/2024;519,5698853;28,16117287;6,143589973;0;117;33,33128357
08/08/2024;483,3884583;29,78754616;6,160683632;1119;133;45,15637589
09/08/2024;499,0064392;29,87545776;6,13778162;1119;134;44
10/08/2024;492,6875305;29,86080551;6,321367741;1119;134;44,89744949
11/08/2024;490,7997131;29,45055008;6,099145412;1119;132,9373932;43,06314087
12/08/2024;498,2735291;29,80219841;6,136752129;1120;134;44
13/08/2024;488,7846985;29,37728882;6,232478619;1405;129;40,45495224
14/08/2024;487,015564;29,42124557;6,121983051;3150;134;44,19685745
15/08/2024;494,1108704;29,69963455;6,10598278;3150;136,051178;47
16/08/2024;495,1242981;29,11690331;6,043049812;3150;137;48,18366623
17/08/2024;491,1056213;29,0842495;6,109401703;3150;135;46,47085953
18/08/2024;490,4490356;29,30076218;6,061538696;3150;137,2966766;48,29616547
19/08/2024;488,262085;29,09890175;6,062328339;3150;139;49,95044708
20/08/2024;487,6483765;29,37728882;6,116239548;1119;135;45
21/08/2024;497,1128235;29,15750885;6,109145641;1119;139;48,74133682
22/08/2024;492,1298523;29,51350212;6,071794987;1219;140;50
23/08/2024;490,5593567;29,6849823;6,140171051;1219;135;47
24/08/2024;485,4987183;29,06959724;6,061992645;1318;132;43
25/08/2024;491,7927551;29,64102554;6,123076916;1318;132;42
26/08/2024;492,870575;29,77289391;6,167521477;1318;131;43
27/08/2024;495,4442139;29,24542046;6,116239548;1318;133;44,52505493
28/08/2024;491,4974365;29,45055008;6,239316463;1318;134;45
29/08/2024;480,1645813;29,26007271;6,197496891;1318;134;46,94342041
30/08/2024;480,6317749;29,24542046;6,062191486;1120;135;47,03781128
31/08/2024;474,9015808;29,56546783;5,948647499;2820;134;46,01996613
01/09/2024;466,8484192;28,96703339;5,969117641;2820;137;50
02/09/2024;480,4943237;29,113554;6,126495838;2119;135;47
03/09/2024;486,6929016;29,1428833;5,945299149;2218;136;46,03199387
04/09/2024;482,8041992;29,40659332;5,975102901;2218;136,4658356;47,46531677
05/09/2024;486,5032654;29,56776619;6,242734909;2119;134,0778656;45,07734299
06/09/2024;484,7054749;29,23077011;6,054700851;1119;135;45
07/09/2024;493,3916016;29,64102554;6,266666889;1119;139,2074127;48
08/09/2024;494,3960266;29,33333397;6,082051277;1405;138;48,93997955
09/09/2024;487,6416931;29,33333397;6,222222328;1405;139;50
10/09/2024;488,863678;29,21611786;6,034188271;3150;140;51,69849396
11/09/2024;493,4867249;29,33333397;6,136752129;3255;140,9796906;50
12/09/2024;502,6689453;29,34798622;6,102564335;3255;140;49
13/09/2024;489,9432373;29,64102554;6,300854683;3150;139,4831543;50,5173645
14/09/2024;490,0510254;29,21437263;6,159016609;3150;139;49
15/09/2024;491,3650513;29,59706879;6,109401703;3150;136,0256348;46,97488785
16/09/2024;495,1596069;29,62637329;6,150427341;3150;139;48,80875015
17/09/2024;495,5712585;29,64102554;6,110367298;3150;137;47,71778107
18/09/2024;495,8545227;29,37728882;6,188034058;1400;139,3251495;49
19/09/2024;494,1113892;29,26007271;6,078632355;1400;139,4301147;48,99058533
20/09/2024;489,8988342;29,52380943;6,139241219;1120;142;52
21/09/2024;492,1730042;29,6556778;6,119657993;1119;142;51,25507736
22/09/2024;497,520874;29,79576683;6,123076916;1219;141;50,86352921
23/09/2024;490,7625427;29,28937721;6,257444382;1318;142;53,98937607
24/09/2024;487,6542053;29,27472496;6,116239548;1318;138;50,18196106
25/09/2024;486,9385376;29,33063889;6,109401703;1318;140;52
26/09/2024;491,5778503;29,6348362;6,167521477;1119;140;50
27/09/2024;493,7477722;29,7435894;6,136752129;1400;136;50
28/09/2024;489,4259033;29,21193504;5,897372246;1405;137;49,74290466
06/11/2024;555,3329468;28,68864441;6,707692146;0;120,7653427;34,23413086
07/11/2024;521,0170898;28,61538506;6,317948818;0;119;35,99055481
08/11/2024;511,9772339;27,70696068;6,153846264;1119;122;38
09/11/2024;530,1099243;27,47252846;6,676923275;1119;120;39
10/11/2024;523,7503662;27,26739883;6,523077011;1119;121;38
11/11/2024;519,1455078;27,76556778;6,769097328;1119;122;41
12/11/2024;534,286377;28,61538506;6,553846359;1120;121,2589645;39,74051666
13/11/2024;540,7773438;28,49816895;6,642735004;1400;120;37
14/11/2024;526,1575928;28,27838898;6,717948914;2118;120,3941727;37
15/11/2024;482,3529663;28,95596695;5,969230652;2118;131;41,18383026
16/11/2024;485,7102966;29,75824165;5,832478523;2119;127,0246201;39,95178604
24/11/2024;523,2008057;27,31135559;6,595032692;1119;115;33,70925903
25/11/2024;532,2538452;27,03296661;6,171908379;1119;125;43
26/11/2024;502,5266418;29,18681335;6,147008419;1119;132,2519073;44
27/11/2024;514,2787476;29,31868172;6,158861637;1120;134;44,01825333
28/11/2024;501,8351135;29,113554;6,116239548;1120;137;46,75468445
29/11/2024;505,5067139;29,15750885;6,160683632;1400;136;45,44628143
30/11/2024;505,4558105;29,27472496;6,160683632;1405;137;45,66039658
01/12/2024;499,5671997;29,21611786;6,078632355;1119;136;46,98501968
02/12/2024;495,2973938;29,55311394;6,19145298;3150;130;41,23416519
03/12/2024;498,0348816;29,45600128;6,164867401;3150;131;42,60530472
04/12/2024;507,4900208;29,75824165;6,160683632;3255;133,0801849;43,07965088
05/12/2024;509,5816956;29,72893715;6,145383358;3255;134;43,17537308
06/12/2024;505,222168;29,40659332;6,649572849;3255;137;47
07/12/2024;497,4066162;27,07692337;6,119657993;3260;114;32
08/12/2024;502,5594177;27,98534775;6,336184502;0;114;32
09/12/2024;507,8730469;27,22063065;6,642735004;1119;115;32
10/12/2024;515,9644165;28,07325935;6,57435894;1119;127;43
11/12/2024;529,6182861;28,25257874;6,393162251;1119;128,6793671;44,67990112
12/12/2024;522,3432007;27,22344398;6,446965694;3150;126;45,14625549
13/12/2024;520,9465942;28,21977997;6,563497543;3150;129,9198914;45,919384
14/12/2024;533,3399048;28,36630058;6,027350426;3255;128;43,62817383
15/12/2024;500,1479492;29,67929459;6,047863483;3260;133;43,4905777
16/12/2024;500,9954224;29,50915718;6,041025639;3260;130;40,10541534
17/12/2024;503,1827698;29,97802162;6,134256363;3260;130;40
18/12/2024;507,7280884;29,83150101;6,071794987;3255;131;41
19/12/2024;498,5772705;29,60973358;6,137922764;3255;130;41
20/12/2024;494,7903137;29,50915718;6,092348576;3150;135;47,79483795
21/12/2024;489,7582703;29,55311394;6,153846264;3150;136;46,75815964
22/12/2024;493,9856873;29,46611023;6,218803406;3150;133;43,99531555
23/12/2024;496,3303223;29,51760292;6,188034058;3150;133;42,72360611
24/12/2024;502,4564819;29,43589783;6,054700851;3150;134;44
25/12/2024;500,6040344;29,78754616;6,058119774;3150;134;45,6174469
26/12/2024;495,594574;29,40659332;6,047863483;3150;130;40,70857239
27/12/2024;499,7992554;29,40659332;6,102564335;3150;132,2177887;42
28/12/2024;491,1165771;29,37293053;6,198557377;1400;133;43
29/12/2024;498,4160156;29,56473351;6,263247967;1400;135;45
30/12/2024;492,5759583;29,83150101;6,099145412;1120;132;42,2158432
31/12/2024;494,3785095;29,86080551;6,0854702;1119;132;44
01/01/2025;490,9519043;29,80219841;6,082950592;2820;132;44
02/01/2025;495,5829468;29,89011002;6,153139591;2118;133;43,75073624
03/01/2025;493,2542419;29,56776619;6,047863483;2118;135;46
04/01/2025;493,0074768;29,37728882;6,543589592;2218;133;43,89427567
05/01/2025;496,7252808;29,26906967;6,129914761;2218;132,644043;43
06/01/2025;500,56604;29,56776619;6,078632355;2218;131;42,48642349
07/01/2025;500,3102112;29,676157;6,0854702;3537;133;44
08/01/2025;499,6290283;29,48060417;6,038835049;3537;134;44
09/01/2025;494,0811768;29,26007271;6,018670082;3537;134,9788666;43
10/01/2025;500,5446777;29,50915718;5,976068497;3537;133,1060638;43,10659409
11/01/2025;488,2494507;29,45055008;5,993162632;3537;133;43
12/01/2025;490,3913879;29,28937721;6,041025639;3537;135;44
13/01/2025;485,8218079;29,02564049;6,041025639;3537;132,2845764;44
14/01/2025;507,3460693;29,13339043;5,958974361;1119;137;46
15/01/2025;499,0920105;29,72893715;5,960216045;1119;136;45
16/01/2025;490,9645081;29,39194107;5,98974371;1219;137;46,87460327
17/01/2025;485,4643555;29,26007271;6,136752129;1318;137;46,56367493
18/01/2025;493,7037659;29,39194107;6,129706383;1318;136,9663239;47,96685028
19/01/2025;488,5938416;29,62167168;6,03305912;1318;136,3609619;47,6385231
20/01/2025;484,3905334;29,47985268;6,064957142;1318;135;46,32946777
21/01/2025;481,027771;29,34798622;6,064957142;1318;132;42,10846329
22/01/2025;486,313446;29,12820435;6,041025639;1318;136;46,84015656
23/01/2025;479,8489685;27,95220947;6,075213909;1400;127,4478607;42
24/01/2025;469,469696;28,63003731;6,088889122;4300;120;32,36785889
25/01/2025;473,1417236;28,91090393;6,136752129;4300;130;43,80874252
26/01/2025;475,2245483;29,0842495;6,082051277;4300;132;44
27/01/2025;476,9384155;29,26007271;6,078632355;4300;131;43,57226563
28/01/2025;476,9428101;29,36263657;6,041025639;4300;132;44,43601608
29/01/2025;477,1478577;29,18681335;6,136752129;4300;131,2704468;44
30/01/2025;474,162262;29,18681335;6,12557745;4300;131;43,86745834
31/01/2025;472,8846741;29,26933098;6,215762615;4300;130;42,98280334
01/02/2025;475,4761353;29,23077011;6,030826569;4300;130;43
02/02/2025;473,6838074;29,04029274;5,996581078;4300;130;43
03/02/2025;471,6015625;28,77655602;5,969230652;4300;131;44
04/02/2025;475,0198364;29,02564049;5,98974371;4300;132;44,60688782
05/02/2025;465,2773132;28,6007328;5,856410503;4300;121;35,16220474
06/02/2025;481,8763733;29,12820435;5,986324787;1400;127;38,96622467
07/02/2025;497,6269226;29,33896446;6,017168045;1400;134;45,85584259
08/02/2025;501,3556213;29,36263657;6,051281929;1120;135;45,26077652
09/02/2025;504,4507446;29,53846169;6,037606716;1405;136;45,55825043
10/02/2025;500,4344788;29,44455338;6,017094135;1119;137;47
11/02/2025;493,5690002;29,37728882;6,012251854;3150;133;45
12/02/2025;497,1423645;29,1568737;6,8483181;3150;132;42,8726387
13/02/2025;498,6278381;29,50915718;6,169531822;3150;133;44
14/02/2025;500,9490967;29,33333397;6,10840559;3150;131;42,47617722
12/03/2025;558,861145;27,98534775;6,556542873;4300;119;34
13/03/2025;494,5213013;29,39194107;6,0854702;1119;129,998291;38,00224686
14/03/2025;498,2474976;29,53846169;6,112820625;1119;136;44,82720566
15/03/2025;496,9290161;29,7142849;6,232478619;1120;134;42,63766479
16/03/2025;502,2333374;29,59706879;6,02481699;1119;137,5557251;45
17/03/2025;500,6376648;29,75824165;6,099145412;1405;139;45,20074463
18/03/2025;501,5683899;29,40659332;5,996581078;1400;138,9604034;46
19/03/2025;495,4284668;29,5060997;5,982905865;1119;134;42,63981628
20/03/2025;488,5553589;29,61172104;6,020513058;2820;134;42,58687973
21/03/2025;490,8177795;29,61933708;5,945456505;2119;136;43
22/03/2025;492,5386353;29,5240593;5,974155426;2119;136;43
23/03/2025;494,9996338;29,61172104;6,054700851;2118;136;43,78981781
24/03/2025;492,2911987;29,61172104;6,029444218;2218;136;44
25/03/2025;498,7427673;29,69963455;6,061595917;2218;137;44
26/03/2025;496,2145386;29,61172104;6,033805847;2218;134;41,12107086
27/03/2025;493,8665466;29,26587105;5,955555439;3537;136;44
28/03/2025;500,723053;29,61172104;5,890598297;3537;138;44,75012207
29/03/2025;497,6650391;29,67033005;6,013675213;3537;138;45
30/03/2025;499,7660217;29,5062561;5,986820698;3537;138;44,83710098
31/03/2025;498,8042603;29,61172104;6,003418922;3537;139;45,91801453
01/04/2025;499,7557373;29,57367897;5,924786568;3537;136;44
02/04/2025;489,0962219;29,55491638;5,986324787;3537;133;42
03/04/2025;489,9916077;29,45078087;5,924786568;3537;137;43,36685562
04/04/2025;504,3582153;29,45055008;5,908033848;1119;136;44
05/04/2025;496,4372864;29,18681335;6,159493923;1119;127;35,14266968
06/04/2025;488,4394531;29,1721611;5,9145298;1119;134;42,9470787
07/04/2025;497,3418884;29,64102554;5,9145298;1400;135;43
08/04/2025;490,0996094;29,52380943;6,051281929;1119;129;38,41949463
09/04/2025;484,3922729;29,04029274;5,907692432;3150;135;44,7868309
10/04/2025;491,0883789;29,42124557;5,825900555;3150;137;45,96572113
11/04/2025;494,2287598;29,64102554;5,936947346;3150;134,4213104;44,40831375
12/04/2025;482,7745667;29,15750885;5,996581078;3150;134;42,7867775
13/04/2025;484,8146057;29,33333397;5,880342007;3150;136;45
14/04/2025;492,8118286;29,37728882;5,882143974;3150;134;41,2093811
15/04/2025;490,4247437;28,92411423;5,877040863;3150;132,9714966;42
16/04/2025;484,4481506;29,20362854;6,116184711;1400;134;42
17/04/2025;485,5563049;29,18701553;5,907692432;1119;134;42,64461899
18/04/2025;486,0003052;29,31868172;5,856410503;1219;135;44
19/04/2025;490,4925232;29,53846169;5,924786568;1219;135,3862915;44,61423111
20/04/2025;492,7113647;29,56776619;5,951829433;1318;126;34,73726273
21/04/2025;492,5015869;29,18681335;6,077966213;1318;127,8262787;36
22/04/2025;481,0759888;29,27472496;5,924786568;1318;129;38
23/04/2025;476,0027466;29,06959724;5,933648109;1318;132,941925;41
24/04/2025;485,1920166;29,35704803;5,907692432;1318;132;42,22658157
25/04/2025;494,0690613;29,50915718;5,933535099;1318;133;41,32242584
26/04/2025;490,7781067;29,28937721;6,010535717;1318;133,3935089;42,39403152
27/04/2025;479,3718262;29,21611786;5,931623936;1318;133;43
28/04/2025;480,9476624;28,68864441;5,873504162;1318;130;40,50675583
29/04/2025;487,6212769;29,0842495;5,85206604;1318;135;44,54261398
30/04/2025;543,1494141;28,16117287;6,605128288;1318;122;39
01/05/2025;520,3439331;28,04395676;6,526495934;1318;122,1272812;38,1267662
02/05/2025;522,0767822;28,17582512;6,410256386;1318;130,0746613;47,07414246
03/05/2025;529,0968628;27,73626328;6,441025734;1405;130;47,92039871
04/05/2025;535,8129272;28,26373672;6,618803501;1405;125;41
05/05/2025;532,7919922;27,69230843;6,594871998;1405;123,9173126;41
06/05/2025;526,1154175;27,82417679;6,400000095;2118;123,7258987;42
07/05/2025;515,192749;27,47252846;6,379487038;2118;123;42
08/05/2025;531,939209;28,17582512;6,44961977;2118;128;43
09/05/2025;551,2070923;28,30769157;6,550427437;1119;128;43
10/05/2025;537,843689;28,16117287;6,581196785;1119;128,8157654;43,18371582
11/05/2025;520,8525391;28,17582512;6,509401798;1119;125;40
12/05/2025;519,0599365;28,20512772;6,410256386;1119;125;39,98607635
13/05/2025;527,046936;27,51648331;6,420512676;3150;126;42,04164505
14/05/2025;494,8053589;29,53846169;6,071794987;3150;138;46
15/05/2025;498,5678406;29,40659332;6,116239548;3150;137,227005;45
16/05/2025;493,0522766;29,23077011;6,034188271;3150;136,6330261;41,63250351
17/05/2025;482,5031433;29,10797691;5,98974371;3255;137;43
18/05/2025;491,130188;29,53846169;5,982905865;3255;138;45
19/05/2025;485,5938721;29,40659332;6,020513058;3150;136;43,12932587
20/05/2025;486,0516663;29,47985268;6,051281929;3150;137;43
21/05/2025;484,8802185;29,25068283;6,188034058;3150;136;43
22/05/2025;492,6259766;29,42124557;6,064957142;3150;134;40,75631332
23/05/2025;494,7966309;29,37728882;6,068376064;3150;130,7332001;38,46537018
24/05/2025;491,5320129;29,36263657;6,129914761;1119;130;37
25/05/2025;501,3785095;29,50915718;6,068376064;1119;137;43
26/05/2025;503,8650513;29,57222366;6,218803406;1120;137;43,63642502
27/05/2025;480,9113464;29,33333397;5,952136993;2820;135,5385437;43,5380249
28/05/2025;479,8819885;29,24542046;5,926923275;2820;134;41
29/05/2025;493,3124695;29,50915718;5,987442017;2118;129;34,52191925
30/05/2025;484,9972534;29,45055008;6,071794987;2119;125;31
31/05/2025;482,4229431;29,53846169;6,047863483;2119;126;31,50602531
01/06/2025;485,9867249;29,75824165;6,143589973;2119;131;37,50374603
02/06/2025;489,7709045;29,34579849;0,017094018;2218;131;37
03/06/2025;532,4119873;27,89743614;6,618803501;2218;123;38,61054993
04/06/2025;534,3137207;26,97435951;6,724608421;2218;124;40
05/06/2025;537,8700562;28,04395676;6,554558277;3537;127;43
06/06/2025;529,0917969;25,90073967;6,228696346;3537;114,8589096;31,85942841
07/06/2025;507,2185669;24,43699646;0,030769233;3537;132;32
29/07/2025;504,3467712;29,95850945;5,996581078;1219;139;38,03730392
30/07/2025;501,446106;30,227108;6,109401703;1219;134;35,93765259
31/07/2025;500,0557251;29,97802162;5,924786568;1318;137;38,94956207
01/08/2025;497,0438232;29,72893715;6,01025629;1318;136;39,00533295
02/08/2025;494,3268127;29,6849823;5,931623936;1318;136;39,05431366
03/08/2025;513,293457;29,97802162;6,172923088;1318;138;42,15348053
04/08/2025;494,9825745;29,50915718;5,958984852;1318;136;38,78047562
