timestamp;power;p_suc;p_dis_1;prod_grade;temp_dis_1
24/03/2021;528,2657471;4,836087704;7,114601612;1119;86
25/03/2021;579,1816406;4,687944412;7,509178162;1119;93
26/03/2021;596,2650146;4,786031723;7,40747118;1119;14,94080925
27/03/2021;594,4869995;4,512682438;7,528205395;1119;93
28/03/2021;579,0562744;4,405326843;7,185510635;1119;9,969426155
29/03/2021;578,1534424;4,172850609;7,232010365;1119;-4
30/03/2021;586,0604248;4,510146141;7,256982803;1119;100
31/03/2021;593,6444702;4,310119629;7,316239834;1119;4,617474079
01/04/2021;582,0734863;4,262800217;7,277966976;1119;100
02/04/2021;582,0728149;4,3129282;7,258533955;3150;98
04/04/2021;565,9780273;4,353719234;6,774240971;3150;100
05/04/2021;569,9008789;3,917613506;6,927315712;3150;101
10/04/2021;580,756897;1,608791351;6,849798203;1119;98
12/04/2021;573,6143799;1,513050437;0,625641048;1119;96
14/04/2021;583,114502;1,613186836;6,571594715;2118;94
15/04/2021;529,5778809;1,495297313;6,509401798;2118;82
16/04/2021;539,130188;1,494801402;6,441025734;2118;83,00750732
17/04/2021;550,4105835;1,504761934;6,786324978;2118;89
18/04/2021;565,4307251;1,537379384;6,744477749;1119;96
19/04/2021;568,0950317;1,547252893;6,790951729;2118;94
20/04/2021;565,15625;1,536250472;7,642937183;2118;94
21/04/2021;606,2980347;1,749450684;7,121367931;2119;95
22/04/2021;611,072998;1,930627346;7,674504757;2218;89
23/04/2021;572,3097534;1,516969323;6,983175755;3537;94
24/04/2021;581,5015869;1,579854369;6,818130016;3537;94
25/04/2021;578,8637695;1,588687897;6,888285637;3537;94
26/04/2021;579,7467041;1,533709645;6,748042107;3537;92
27/04/2021;573,4076538;1,517000556;6,744114399;3537;94
28/04/2021;564,425415;1,499887705;6,814261913;1119;92
29/04/2021;579,9418945;1,515940905;6,857161045;1119;96
30/04/2021;608,6689453;1,874506712;6,892307758;1219;89
01/05/2021;595,3686523;1,599043608;7,165812492;1219;98
02/05/2021;580,4568481;1,501831532;6,973342896;1318;98
03/05/2021;586,7696533;1,540908456;6,842298985;1318;99
04/05/2021;573,6337891;1,500366449;6,936752319;1219;99
05/05/2021;569,9398193;1,481245518;6,85531044;1119;95
06/05/2021;565,230896;1,535616279;6,857655048;1119;84
07/05/2021;564,8942261;1,523299813;6,857034683;2820;89
08/05/2021;567,03302;1,511967421;6,810256481;2119;92
09/05/2021;564,1744995;1,442762256;6,863556385;1119;95
10/05/2021;563,6012573;1,466666698;6,9021492;1119;94
11/05/2021;563,6135254;1,449618697;6,986949921;3150;95
12/05/2021;573,322937;1,499814153;6,923077106;3150;95
13/05/2021;568,6190186;1,455895185;6,889634132;3150;94
14/05/2021;567,0738525;1,458884239;6,892981529;3150;93
15/05/2021;571,2280273;1,484800935;6,846402645;1119;95
16/05/2021;567,5236206;1,453616142;6,725691319;1119;96
17/05/2021;567,5587158;1,443223476;6,856251717;1219;96
18/05/2021;572,7042236;1,452635646;7,061815739;1318;95,99139404
19/05/2021;578,1037598;1,479853511;7,059145927;1318;96
20/05/2021;588,6964722;1,52728796;7,090598583;1318;97
21/05/2021;591,4839478;1,608706236;7,204981327;1318;95
22/05/2021;577,3457642;1,535008073;7,210256577;1318;92
23/05/2021;600,1673584;1,657142878;7,179487705;1318;94
24/05/2021;572,8239136;1,539542437;7,173395634;1119;93
25/05/2021;581,0130005;1,550183296;7,134454727;1119;93
26/05/2021;580,7794189;1,54202652;7,022222519;1119;94
27/05/2021;571,0058594;1,506684542;7,204372883;2119;94
28/05/2021;567,8223877;1,536554337;7,095088959;2218;92
29/05/2021;558,9142456;1,496890426;7,049572945;2118;92
30/05/2021;563,5836182;1,49324882;6,914518356;2118;92
31/05/2021;553,6742554;1,443671703;6,899816036;1119;89
01/06/2021;560,4223022;1,487118006;6,814691544;1119;91
02/06/2021;559,7137451;1,437884688;6,920596123;1119;94,00627899
03/06/2021;558,1399536;1,449449182;6,824432373;1119;95
04/06/2021;564,6266479;1,47599113;6,895726681;1119;95
05/06/2021;561,7353516;1,48810029;7,064647675;1119;97
06/06/2021;555,706543;1,469067693;6,864957333;1119;93
07/06/2021;564,5883179;1,527577519;6,884962082;1119;93
08/06/2021;554,7044067;1,447428226;6,916239262;1119;94
09/06/2021;545,9639282;1,434432268;6,905982971;2820;93
10/06/2021;558,8709106;1,450435877;6,90312624;2119;94
11/06/2021;553,8443604;1,447215796;6,86153841;2119;93
12/06/2021;551,8251953;1,451325059;6,908387661;2119;89
13/06/2021;568,0272217;1,519502401;6,799191952;2218;90
14/06/2021;555,6865845;1,452103853;6,817093849;2218;92
15/06/2021;558,6099854;1,443322539;6,800000191;2218;92
16/06/2021;552,2781372;1,454015017;6,663248062;3537;91
17/06/2021;556,7451782;1,463736296;6,792957306;3537;92
18/06/2021;549,8848267;1,440303206;6,766303539;3537;92
19/06/2021;561,5411987;1,458656192;6,792114735;3260;94
20/06/2021;568,3330078;1,478910208;6,914685249;3260;95
21/06/2021;565,960022;1,453128099;6,812064648;3260;95
22/06/2021;567,8129883;1,458594322;6,841025829;3255;100
23/06/2021;560,196228;1,445647359;6,803418636;3255;98
24/06/2021;553,9329224;1,452599049;6,806028843;3150;99
25/06/2021;557,2628784;1,45787549;6,776068211;3150;98
26/06/2021;561,0834961;1,456203341;6,789743423;3150;92
27/06/2021;557,5454712;1,446666241;6,923077106;1119;88
28/06/2021;560,8779907;1,442566276;6,827350616;1219;91
29/06/2021;560,6543579;1,449327946;6,936752319;1219;92
30/06/2021;580,208313;1,576210499;7,02256155;1318;92
01/07/2021;583,5180664;1,626513362;7,063248158;1318;94
02/07/2021;575,4622192;1,555485487;7,022222519;1318;96
03/07/2021;570,8859253;1,524233103;7,155555725;1318;93
04/07/2021;581,9401855;1,601682186;7,057760715;1318;92
05/07/2021;568,8791504;1,586813211;6,983931065;1318;92
06/07/2021;566,4586792;1,509622574;7,059829712;1318;93
07/07/2021;580,3637085;1,588077784;6,875541687;1318;95
08/07/2021;565,8331909;1,536670804;6,837606907;1119;95
09/07/2021;558,2150879;1,619047642;6,93296814;1119;95
10/07/2021;557,8676147;1,493905306;6,893135548;1119;94
11/07/2021;561,8556519;1,496759653;6,843889713;1119;95
12/07/2021;558,0337524;1,455893278;6,927331924;1119;96
13/07/2021;535,5063477;1,455213904;6,550427437;1119;89
14/07/2021;531,164856;1,462271094;6,786324978;1119;89
15/07/2021;532,0623779;1,456131935;6,694016933;4300;95
16/07/2021;534,5934448;1,445478797;6,700854778;4300;93
17/07/2021;536,8583374;1,46201551;6,769230843;4300;94
18/07/2021;526,6086426;1,451740026;6,731624126;4300;84
19/07/2021;534,9887085;1,455608368;6,817093849;4300;89,46327972
20/07/2021;538,1582031;1,476403356;6,758974552;4300;92
21/07/2021;533,546875;1,461290002;6,625640869;4300;93
22/07/2021;569,7476807;1,812454224;7,348460674;4300;87
23/07/2021;582,723938;1,896808505;7,470086098;4300;90
24/07/2021;533,1020508;1,459145069;6,707364559;4300;95
25/07/2021;536,5439453;1,461904049;6,711111069;4300;95
26/07/2021;519,8242188;1,444978952;6,527285099;4300;92,94216156
27/07/2021;522,1147461;1,438816547;6,722905636;4300;85
28/07/2021;550,4118042;1,469078064;6,929692745;1119;92
29/07/2021;556,2589722;1,488109589;6,847319603;1119;95
30/07/2021;544,3637085;1,460699201;7,76717186;2820;95
31/07/2021;546,1314697;1,477495551;6,942591667;2118;95
01/08/2021;550,2771606;1,473135352;6,967521191;2118;96
02/08/2021;558,7245483;1,517372251;6,930179596;2118;97
03/08/2021;551,3549805;1,459525704;6,954248905;2218;95
04/08/2021;557,170105;1,507148266;6,905982971;3537;97
05/08/2021;561,5200195;1,550833583;6,922525406;3537;98
06/08/2021;560,4821167;1,558735251;6,940170765;3537;99
07/08/2021;554,5085449;1,528622627;7,032479286;3537;100
08/08/2021;559,6140137;1,523419857;6,796345711;3537;101
09/08/2021;552,6414795;1,467239141;6,687329769;3537;102
10/08/2021;556,3372803;1,49804616;6,731624126;3537;99
11/08/2021;556,5163574;1,460231423;6,86153841;3537;100
12/08/2021;550,0615845;1,47072351;6,786604404;1119;99
13/08/2021;565,4225464;1,54794848;6,763911247;1119;101
14/08/2021;546,6274414;1,433048487;6,796581268;1119;101
15/08/2021;549,7502441;1,482783914;6,734738827;1119;100,4416122
16/08/2021;522,593811;1,459690332;0,041025642;1119;87
22/08/2021;552,9275513;1,539915919;6,704273701;1119;99
23/08/2021;558,1704102;1,580952406;6,761655807;1119;99
24/08/2021;563,6008301;1,556044102;6,656410217;1219;98
25/08/2021;590,5877686;1,545787573;0,249572664;1219;88
27/08/2021;545,1061401;1,488644719;6,782906055;1219;88
28/08/2021;591,4018555;1,878388405;7,613614082;1119;95
29/08/2021;561,2212524;1,543527603;6,803418636;1405;101
30/08/2021;571,3400879;1,632234573;7,480071545;1219;101
31/08/2021;604,2423096;1,939926863;6,758974552;1219;96
01/09/2021;579,9182739;1,619047642;7,145299435;1318;98,45593262
02/09/2021;558,197937;1,50763607;6,996235847;1318;97
03/09/2021;564,6705933;1,643956184;7,112120628;1318;97
04/09/2021;553,7818604;1,491575122;7,001709938;1318;95
05/09/2021;555,6600952;1,51122272;6,769230843;1318;90,30521393
06/09/2021;553,3214722;1,53260088;7,049572945;1405;96
07/09/2021;565,7353516;1,620815516;6,892307758;1400;96
08/09/2021;549,8764038;1,561290383;7,264957428;1405;96,60829163
09/09/2021;570,6151733;1,652872682;7,001709938;1120;97
10/09/2021;548,3837891;1,600000143;7,083782673;2820;90,16304016
11/09/2021;555,8890991;1,655677795;6,912820339;2118;92
12/09/2021;551,5145264;1,599130869;6,957170486;2218;93
13/09/2021;551,6779785;1,603048801;6,815165997;2218;95
14/09/2021;548,3447266;1,572034836;6,958342552;2218;92
15/09/2021;554,3447876;1,618996739;7,011966228;2119;91
16/09/2021;549,3425903;1,473992705;6,827350616;1119;90
17/09/2021;537,4520264;1,460805893;6,745299339;1120;91
18/09/2021;537,7695923;1,503296852;6,921612263;1119;91
19/09/2021;543,8534546;1,495970726;6,876130104;1120;94
20/09/2021;541,0596313;1,550926208;7,05256319;1405;96
21/09/2021;564,3022461;1,62783885;6,967521191;1120;93
22/09/2021;555,1878052;1,605398774;6,733301163;1119;92
23/09/2021;532,9208374;1,466375351;7,312820911;1119;89
24/09/2021;565,3728027;1,800681591;7,406447411;1120;86
25/09/2021;542,4369507;1,5294801;7,424971581;1120;89
26/09/2021;579,7450562;1,932600737;6,944780827;1119;85
27/09/2021;555,1246338;1,56483531;7,07692337;3150;94
28/09/2021;547,9974976;1,559836268;6,75555563;3150;96
29/09/2021;546,9125366;1,478388309;6,847863197;3150;95
30/09/2021;544,1861572;1,454471827;6,803418636;3150;94
01/10/2021;539,1298218;1,463736296;6,721367359;3150;89
02/10/2021;537,9589844;1,46523416;6,982723713;3150;93
03/10/2021;546,3745728;1,528396845;6,892307758;3150;91
04/10/2021;545,7857056;1,54285717;6,728205204;1400;92
05/10/2021;539,9354248;1,605860949;6,854701042;1219;90
06/10/2021;536,1508179;1,500664592;6,782906055;1219;90
07/10/2021;548,2149658;1,51208806;6,721367359;1318;92
08/10/2021;552,0462646;1,544322491;6,895726681;1318;93
09/10/2021;556,2197876;1,588603735;6,796581268;1318;92
10/10/2021;547,9021606;1,597757339;6,834187984;1318;93
11/10/2021;539,7620239;1,553113699;6,697435856;1318;93
12/10/2021;537,4953003;1,5750916;6,700854778;1120;94
13/10/2021;543,4345703;1,589105368;6,834187984;1119;95
14/10/2021;530,8018188;1,551648378;6,642735004;1119;91,23946381
15/10/2021;527,0713501;1,526740074;6,796581268;2820;93
16/10/2021;535,7954102;1,553113699;6,676923275;2118;90
17/10/2021;526,7068481;1,457187533;6,76581192;2118;91
18/10/2021;531,3864746;1,462271094;6,793162346;2119;90
19/10/2021;524,1688232;1,469491124;6,789743423;2218;91
20/10/2021;521,8187256;1,447371483;6,649167061;2218;90
21/10/2021;532,1461182;1,501831532;6,652991295;2218;91
22/10/2021;533,4575195;1,478255033;6,807973385;2218;92
23/10/2021;536,3123169;1,513553143;6,605128288;3537;93
24/10/2021;550,6139526;1,584373355;6,453420639;3537;93
25/10/2021;531,4100952;1,450611472;6,762392998;3537;92
26/10/2021;541,0856934;1,488644719;6,604845524;3537;92
27/10/2021;530,4327393;1,471062303;6,738461494;3537;94
28/10/2021;540,255249;1,460098743;6,750420094;1120;97
29/10/2021;538,5994263;1,45146966;6,697435856;1400;95
30/10/2021;531,164856;1,437362671;6,827350616;1120;95
31/10/2021;537,5205078;1,490109921;6,893235683;1120;93
01/11/2021;533,1509399;1,498901129;6,86153841;1119;93
02/11/2021;553,4539185;1,558357;6,864957333;3150;98
03/11/2021;548,472168;1,454179645;6,981196404;3255;98
04/11/2021;568,6665039;1,601402879;6,991949558;3255;99
05/11/2021;567,8533936;1,54285717;6,936752319;3260;101
06/11/2021;567,9841919;1,536996365;7,011966228;3260;100
07/11/2021;570,6486206;1,583882809;6,953845978;3260;97,63860321
08/11/2021;549,6845093;1,491575122;6,868376255;3255;96
09/11/2021;559,0939331;1,507692337;6,882051468;3255;98
10/11/2021;553,168457;1,558974504;6,764468193;3150;96
11/11/2021;548,4760132;1,489692807;6,752136707;3150;96
12/11/2021;542,6002197;1,520879269;6,786324978;1119;92
13/11/2021;548,6396484;1,526711226;6,806837559;1400;94
14/11/2021;530,5932007;1,450549483;6,775659084;1219;92
15/11/2021;540,4899292;1,498901129;6,719007969;1318;96
16/11/2021;554,204895;1,578022003;7,141880989;1318;97
17/11/2021;571,6843262;1,655677795;6,870559692;1318;98
18/11/2021;543,6550293;1,5750916;6,649572849;1119;93
19/11/2021;526,7224731;1,479538679;6,776068211;1120;91
20/11/2021;530,6367188;1,51062274;6,752136707;2820;91
21/11/2021;542,9667358;1,584049702;6,847863197;2119;92,6240921
22/11/2021;542,2958984;1,551648378;6,810256481;2119;95
23/11/2021;537,833252;1,548165679;6,721226215;2118;95
24/11/2021;552,1679077;1,532964706;6,790399075;1119;95
25/11/2021;541,1207275;1,515018463;6,913784504;1405;93
26/11/2021;541,3913574;1,504761934;6,85128212;1120;95
27/11/2021;533,0522461;1,463736296;6,776068211;1119;96
28/11/2021;549,9033203;1,556044102;7,083761215;1219;97
29/11/2021;537,9368286;1,499377131;6,810256481;1318;96
30/11/2021;558,7474976;1,718789816;6,890358925;1318;91
01/12/2021;548,8657837;1,516483545;6,731624126;1318;95
02/12/2021;551,2379761;1,56483531;6,714529991;1318;94
03/12/2021;526,3008423;1,469597101;6,76612711;1318;92
04/12/2021;529,7438354;1,453479886;6,782906055;1119;94
05/12/2021;533,5670166;1,4681319;6,649572849;3150;95
06/12/2021;534,8120728;1,443223476;6,632478714;3150;98
07/12/2021;526,3084717;1,443903327;6,796581268;3150;90
08/12/2021;526,4898682;1,546534896;6,652991295;3150;90
09/12/2021;526,0458984;1,455276728;6,631553173;3150;90
10/12/2021;526,4511719;1,443223476;6,65982914;3150;90
11/12/2021;524,8276978;1,469597101;6,89081049;3150;90
12/12/2021;538,5717773;1,509157658;6,782140255;1405;95
13/12/2021;521,156189;1,461982608;6,892307758;2820;94
14/12/2021;523,2527466;1,466994882;6,803418636;2820;95
15/12/2021;540,7493896;1,526740074;6,885469913;2119;95
16/12/2021;529,5419312;1,456410289;6,728205204;2218;96
17/12/2021;535,730957;1,466666698;6,950427532;2218;95
18/12/2021;537,0064087;1,536996365;6,715713024;2218;93
19/12/2021;535,2514648;1,49010551;6,827350616;3537;95
20/12/2021;545,8590088;1,520879269;6,751432419;3537;97
21/12/2021;541,784668;1,475173473;6,782906055;3537;98,43645477
22/12/2021;553,1141968;1,53260088;6,65982914;3537;100
23/12/2021;541,3199463;1,456410289;6,779938221;3537;97
24/12/2021;552,8297729;1,51062274;6,803418636;3537;98
25/12/2021;545,736084;1,499705553;6,820512772;3537;97
26/12/2021;545,6882324;1,536242604;6,656410217;1119;97
27/12/2021;542,7910767;1,475457907;6,864957333;1119;98
28/12/2021;551,3052368;1,559452057;6,700854778;1405;98
29/12/2021;541,0074463;1,476923108;7,661539078;1405;96
30/12/2021;580,9307251;1,881318808;7,287127972;1219;93
31/12/2021;542,0599976;1,558974504;6,80027914;1219;96
01/01/2022;541,3009033;1,51062274;6,953845978;1219;95
02/01/2022;528,9707031;1,463736296;6,820512772;1318;95
03/01/2022;548,6880493;1,550183296;6,804174423;1318;95
04/01/2022;544,0510864;1,527308226;6,895726681;1318;98
05/01/2022;536,5282593;1,452092648;6,834187984;1318;96
06/01/2022;534,6993408;1,460459828;6,635897636;1318;94,06302643
07/01/2022;543,9249268;1,563369989;6,738461494;1119;94
08/01/2022;537,1737671;1,489465237;6,968604565;1119;94
09/01/2022;530,9358521;1,471062303;6,701715946;1120;94
10/01/2022;528,0397339;1,479853511;6,642735004;2118;95
11/01/2022;524,3077393;1,473234177;7,552137375;2218;95
12/01/2022;527,760376;1,46000886;6,615384579;2218;97
13/01/2022;536,5613403;1,514760256;6,800000191;2119;97
14/01/2022;522,9295044;1,465201497;6,550427437;1400;94
15/01/2022;523,7225342;1,463736296;6,967521191;1400;95
16/01/2022;545,2907715;1,47351563;6,602416515;1119;97
17/01/2022;534,3712158;1,447619081;6,776068211;1405;95
18/01/2022;548,9946899;1,602930546;1,565811992;1405;86
19/01/2022;506,1861267;1,453479886;6,628697395;4300;91
20/01/2022;499,6354675;1,449141979;6,256410122;4300;90,41429138
21/01/2022;540,9838257;1,647278786;6,707692146;4300;87
22/01/2022;542,6080933;1,673260212;6,649572849;4300;87
23/01/2022;524,4046631;1,456410289;6,567521572;4300;93
24/01/2022;529,3994751;1,456410289;6,561033726;4300;95
25/01/2022;532,574707;1,465786099;6,632478714;4300;98
26/01/2022;527,7114258;1,463410974;6,52204895;4300;97
27/01/2022;533,2670288;1,459331989;6,608547211;4300;98
28/01/2022;534,7381592;1,460162759;6,553846359;4300;95
29/01/2022;530,994751;1,470991969;6,598290443;4300;94
30/01/2022;534,9628296;1,472527504;6,532793045;4300;95
31/01/2022;533,0328369;1,462271094;6,560683727;4300;96
01/02/2022;510,4881592;1,442258716;6,268335819;4300;89,56703949
02/02/2022;539,0633545;1,441758275;6,611965656;1119;93
03/02/2022;557,008606;1,433085799;6,745299339;1119;101,5049744
04/02/2022;555,5671997;1,49455452;6,738461494;1219;101
05/02/2022;559,5750732;1,513553143;6,775165081;1219;102
06/02/2022;584,9921875;1,692315102;6,916239262;1318;101
07/02/2022;573,788208;1,557509184;6,909401894;1318;101
08/02/2022;570,3707886;1,570696115;6,841025829;1318;100,3821564
09/02/2022;551,9110107;1,463978052;6,892307758;1119;99
10/02/2022;565,2417603;1,687912226;6,632478714;1119;96
11/02/2022;544,9282227;1,450431228;6,888888836;3150;98
12/02/2022;550,2883301;1,525710702;6,622222424;3150;99
13/02/2022;543,5516357;1,473992705;6,716096878;3150;101
14/02/2022;551,3268433;1,504761934;6,626194;3255;102
15/02/2022;555,5673218;1,473646641;6,830769062;3260;100
16/02/2022;567,8543701;1,515018463;6,652991295;3260;100
17/02/2022;559,2576294;1,468235731;6,847863197;3255;103
18/02/2022;563,4119873;1,540632725;6,632478714;3150;101
19/02/2022;551,2182007;1,469600081;6,785095692;3150;102
20/02/2022;556,7315674;1,494505525;6,554741383;3150;101
21/02/2022;547,0334473;1,453479886;6,810256481;1400;101
22/02/2022;544,8404541;1,457449913;6,738461494;2118;102
23/02/2022;548,956543;1,465360284;6,618803501;2118;100
24/02/2022;544,1517334;1,482783914;6,729511261;2820;99
25/02/2022;547,2689209;1,479853511;6,885813236;2119;100
26/02/2022;561,7107544;1,608791351;6,932834148;2218;101
27/02/2022;550,013916;1,517948866;6,991453171;2218;99,36775208
28/02/2022;545,5101929;1,497435927;6,59213686;3537;98
01/03/2022;543,7571411;1,465074539;6,813675404;3537;99
02/03/2022;549,8442383;1,479853511;6,691487789;3537;101
03/03/2022;519,3877563;1,448732972;6,461538315;3537;89
04/03/2022;513,3710938;1,45787549;6,577777863;3537;87,21850586
05/03/2022;558,958313;1,618175864;6,967521191;3537;95
06/03/2022;545,2297974;1,477877855;6,676923275;1400;97
07/03/2022;549,0881348;1,510962367;6,850645542;1400;98
08/03/2022;546,6333618;1,463736296;6,687856674;1219;100
09/03/2022;546,8779907;1,469597101;6,687179565;1219;99
10/03/2022;565,5100098;1,537384629;0,020960685;1119;101
12/03/2022;545,1000366;1,450549483;6,895726681;1119;95
13/03/2022;568,9403076;1,585348129;6,731624126;1120;99
14/03/2022;551,5889282;1,444688678;6,772649765;1219;100
15/03/2022;555,8756104;1,495970726;6,680341721;1219;101
16/03/2022;557,3742676;1,472527504;6,675223827;1318;102
17/03/2022;557,972168;1,482824922;6,906137943;1318;101
18/03/2022;566,9975586;1,554578781;6,761849403;1318;103
19/03/2022;561,0144043;1,479853511;6,817093849;1318;103
20/03/2022;562,9602661;1,477742195;6,943428993;1318;100
21/03/2022;564,8005981;1,488644719;6,704273701;1318;99
22/03/2022;566,8937378;1,526740074;6,756332874;1405;100
23/03/2022;545,3724976;1,444688678;6,803418636;1405;100
24/03/2022;555,0800781;1,526740074;6,908435345;2119;100
25/03/2022;541,2943115;1,488298893;6,844444275;2820;98
26/03/2022;551,7268677;1,536996365;6,923077106;2820;96
27/03/2022;550,2962646;1,479853511;6,77571106;2118;98
28/03/2022;552,0021362;1,512677073;6,799094677;2118;99
29/03/2022;541,1793823;1,471695423;6,862063408;2119;98
30/03/2022;541,3781738;1,455154419;6,782906055;2218;100
31/03/2022;541,7954102;1,474425793;6,734133244;2218;93
01/04/2022;533,0108032;1,459340692;6,731624126;2119;92
02/04/2022;533,9460449;1,443558097;6,929914474;1400;95
03/04/2022;540,2983398;1,492186546;6,632478714;1120;97
04/04/2022;524,690979;1,443415523;6,827775002;1119;92,09196472
05/04/2022;520,6435547;1,463736296;6,353675842;1119;96
06/04/2022;517,430481;1,438432336;6,386324883;1119;98
07/04/2022;513,7191162;1,472527504;6,543589592;1119;100
08/04/2022;516,4262695;1,515018463;6,505982876;1119;95
09/04/2022;509,1456909;1,457431316;6,034188271;1119;97
10/04/2022;507,9259644;1,495970726;6,104150295;1119;104
11/04/2022;507,3808289;1,490981579;6,020513058;1119;104
12/04/2022;506,0046997;1,474241734;6,294017315;1119;102
13/04/2022;522,7783813;1,478440285;6,263247967;1119;103
14/04/2022;519,0614624;1,444688678;5,972649574;1400;104
15/04/2022;508,7747803;1,500249267;5,825641155;1400;105
16/04/2022;527,399292;1,608865976;6,020513058;1219;105,9612656
17/04/2022;526,8959351;1,622862101;5,972649574;1318;106
18/04/2022;526,1504517;1,600304842;6,060340881;1318;106
19/04/2022;518,0900879;1,553687692;5,9145298;1318;105
20/04/2022;508,2904663;1,490412712;5,976068497;1120;104
21/04/2022;518,1401367;1,519474626;1,452991486;1120;104
27/05/2022;522,7252808;1,74505496;6,471795082;3255;81
28/05/2022;499,3941345;1,605563521;6,290598392;3255;80
29/05/2022;501,019104;1,600000143;5,916118145;3255;81
30/05/2022;495,5894165;1,553647041;6,652991295;3255;78
31/05/2022;505,250946;1,701098919;6,222222328;1119;72
01/06/2022;491,8846741;1,501831532;6,579425812;1119;78
02/06/2022;498,5986938;1,49055016;0,335042745;1119;86
03/06/2022;563,930603;2,039560556;7,119934559;1119;83,36994171
04/06/2022;528,1717529;1,815384626;6,67008543;1119;85
05/06/2022;536,9716187;1,818315029;6,363900661;1120;88
06/06/2022;504,3880005;1,484070301;6,376068592;1120;92
07/06/2022;504,1079407;1,479853511;6,434514523;1400;93
08/06/2022;503,4567871;1,495970726;6,495726585;1118;91
09/06/2022;505,4793396;1,519713879;6,509401798;1120;91
10/06/2022;509,8273315;1,561904907;6,412834167;1120;93
11/06/2022;502,1182251;1,494950891;6,502563953;1119;88
12/06/2022;501,0853577;1,481318712;6,485470295;2118;89
13/06/2022;495,5271301;1,473992705;6,46837616;2820;90
14/06/2022;505,1683044;1,475457907;6,512820721;2119;93
15/06/2022;515,9387207;1,572161198;6,549172878;2218;93
16/06/2022;501,1455383;1,484972954;6,649572849;2218;91
17/06/2022;496,3716736;1,485714316;6,471795082;2119;93
18/06/2022;501,6882935;1,463540196;6,588034153;2118;89
19/06/2022;516,333252;1,532956839;6,441025734;2218;88
20/06/2022;506,6177979;1,475457907;6,405880928;3537;91
21/06/2022;518,1109619;1,523809671;6,417094231;3537;93,19927216
22/06/2022;498,8592224;1,434432268;6,331494331;3537;94
23/06/2022;527,2415161;1,81413877;6,782906055;3537;77
24/06/2022;527,1418457;1,742124557;6,727518559;3537;78
25/06/2022;531,5006714;1,812454224;6,365811825;3537;78
26/06/2022;486,810791;1,380219817;6,437952042;3150;88
27/06/2022;505,0790405;1,416849852;6,208547115;3150;94
28/06/2022;494,4506226;1,399267435;6,266666889;3150;97
29/06/2022;516,6184082;1,450549483;6,336516857;3255;95
30/06/2022;524,3267212;1,501831532;6,366235733;3255;94
01/07/2022;510,458313;1,378754616;6,45686245;3255;95
02/07/2022;579,0836792;1,964835167;7,008547306;3255;92
03/07/2022;564,510437;1,831501961;7,002986431;3260;91,17822266
04/07/2022;572,8432007;1,866392493;6,858119488;3260;92,20021057
05/07/2022;559,8225098;1,856410265;6,905982971;3255;94
06/07/2022;553,1920776;1,769576907;6,967521191;3255;93
07/07/2022;553,1294556;1,834727883;6,854701042;3150;94
08/07/2022;548,1159058;1,742124557;6,023931503;3150;92
09/07/2022;476,1895447;1,482783914;6,772649765;3150;82
10/07/2022;554,3349609;2,024908543;6,787125111;4300;85
11/07/2022;513,4697876;1,728284359;6,680341721;4300;89,21425629
12/07/2022;506,8020325;1,701098919;6,673504353;4300;81
13/07/2022;501,9089661;1,677881479;6,981196404;4300;79
14/07/2022;521,6658936;1,835478544;7,015385151;4300;80
15/07/2022;529,5283813;1,84897387;6,888417244;4300;88
16/07/2022;524,8352051;1,831699491;6,905982971;4300;87
17/07/2022;521,1674805;1,756776571;6,639316082;4300;82
18/07/2022;522,6141968;1,749313593;7,063248158;4300;82
19/07/2022;484,1907043;1,611721754;6,222222328;4300;78
20/07/2022;540,069397;1,786080599;7,023413658;1119;84
21/07/2022;540,6338501;1,768948197;6,594871998;1119;89
22/07/2022;534,934082;1,74800241;7,241025925;1120;89
23/07/2022;546,6758423;1,790476322;6,962905884;1219;91
24/07/2022;549,8726807;1,806097269;7,076788902;1219;91
25/07/2022;545,5593262;1,847619057;6,98421526;1318;92
26/07/2022;544,4176025;1,739194155;7,107692719;1318;90
27/07/2022;548,3988647;1,798546433;6,981196404;1318;90,36795807
28/07/2022;509,5354614;1,482783914;6,553846359;1318;95
29/07/2022;512,7849731;1,480605125;7,025641441;1119;93
30/07/2022;504,6260376;1,503296852;6,638182163;2119;90
31/07/2022;500,6895142;1,503608227;6,540171146;2820;90
01/08/2022;503,3855896;1,495970726;6,647117138;2118;91
02/08/2022;512,6414185;1,476014733;6,594871998;2218;92
03/08/2022;512,1061401;1,479853511;6,632478714;2218;92
04/08/2022;517,1553345;1,526740074;6,56410265;3537;94
05/08/2022;513,4346924;1,508569241;6,516239166;3537;92
06/08/2022;516,4457397;1,516131759;6,526495934;3537;91
07/08/2022;515,4169312;1,504820585;6,748717785;3537;92
08/08/2022;512,3723145;1,488644719;6,615333557;3537;92
09/08/2022;526,3265381;1,486332655;6,57435894;3260;96
10/08/2022;528,0266113;1,477298141;6,57435894;3260;92
11/08/2022;526,9562988;1,479853511;6,532908916;3255;95
12/08/2022;509,0600586;1,473992705;6,584615231;3255;93
13/08/2022;502,6054688;1,509792089;6,731624126;3150;95
14/08/2022;518,1724243;1,629304171;6,568731785;3150;90
15/08/2022;501,4049377;1,497922063;6,512820721;3150;96
16/08/2022;496,3612976;1,504761934;6,505982876;3150;94,52693176
17/08/2022;488,7662354;1,485714316;6,572535992;1119;88
18/08/2022;488,1780396;1,51198256;6,485470295;1119;95
19/08/2022;489,2547302;1,509101391;6,553032875;1119;87
20/08/2022;489,4484558;1,512366414;6,666666508;1405;89
21/08/2022;491,2431946;1,509157658;6,553846359;1120;91
22/08/2022;491,9793091;1,504761934;6,611518383;1400;92
23/08/2022;488,1353455;1,485714316;6,589743614;2820;90
24/08/2022;492,6461182;1,475457907;6,618803501;2119;92
25/08/2022;491,342865;1,490109921;6,591453075;2119;94
26/08/2022;495,1014404;1,491457939;6,504478455;2218;95
27/08/2022;486,721405;1,486921668;6,648031712;2119;90
28/08/2022;498,7093201;1,554578781;6,568095684;2119;89
29/08/2022;499,8126221;1,503296852;6,588034153;1119;85
30/08/2022;504,4387512;1,565271854;6,57435894;1119;87
31/08/2022;509,4786072;1,551648378;6,539013386;1120;92
01/09/2022;502,4813232;1,481747389;6,584615231;1219;94
02/09/2022;497,8162231;1,503296852;6,509401798;1219;94
03/09/2022;503,1559143;1,501814246;6,543589592;1318;92
04/09/2022;508,0055542;1,488644719;6,655849934;1318;91
05/09/2022;510,3071899;1,490109921;6,635789871;1318;93
06/09/2022;513,920166;1,49369669;6,612887859;1318;94,66794586
07/09/2022;513,4186401;1,468274713;6,622222424;1318;93
08/09/2022;507,7966003;1,548717976;7,090598583;1318;87
09/09/2022;509,5499573;1,485714316;6,608547211;1120;95
10/09/2022;506,061615;1,502460241;6,614933491;1120;87
11/09/2022;483,9301453;1,479853511;6,505982876;1120;78
12/09/2022;507,2637634;1,525274754;6,484562397;3150;85
13/09/2022;504,6607666;1,477957487;6,724786282;3150;94
14/09/2022;513,3648682;1,498901129;6,550427437;3150;93
15/09/2022;509,0244141;1,475188255;6,646153927;3150;94
16/09/2022;518,3640137;1,475457907;6,553846359;3150;96
17/09/2022;521,9649048;1,472527504;6,632478714;3255;94
18/09/2022;532,2466431;1,515018463;6,535745144;3260;96
19/09/2022;533,053833;1,487193942;6,529914379;3260;99
20/09/2022;523,9269409;1,473992705;6,594256401;3255;94
21/09/2022;516,8126831;1,498901129;6,461538315;3255;94
22/09/2022;503,6991272;1,513553143;6,536752224;3150;92
23/09/2022;512,3644409;1,496259451;6,543589592;3150;89
24/09/2022;509,7100525;1,473453522;6,502563953;3150;91
25/09/2022;509,4642639;1,484249115;6,509401798;3150;92
26/09/2022;505,0079346;1,529670477;7,001709938;3150;94
27/09/2022;532,6296997;1,711355448;6,936752319;1119;89
28/09/2022;540,9216309;1,75335443;6,786324978;1405;88
29/09/2022;540,3956299;1,742124557;6,969073296;1120;87
30/09/2022;542,4022217;1,762637377;7,011966228;1119;88
01/10/2022;538,3602905;1,726007462;6,847866535;1119;88
02/10/2022;534,8630981;1,759706974;7,285470486;1400;84
03/10/2022;518,7692871;1,746520281;6,543589592;1400;82
04/10/2022;526,9450684;1,715750933;6,609009743;1400;82
05/10/2022;519,4188232;1,641025782;6,970940113;1119;85
06/10/2022;532,6019897;1,743589878;6,560683727;1120;87
07/10/2022;505,6083374;1,488644719;6,519126415;1120;96,82614899
08/10/2022;496,0895691;1,472527504;6,615384579;2820;90
09/10/2022;500,249115;1,482783914;6,543589592;2119;93
10/10/2022;512,1915894;1,487179518;6,629059792;2218;89,3547821
11/10/2022;498,6427917;1,497482777;6,714529991;2218;86
12/10/2022;511,4103088;1,538865924;6,652991295;1119;93
13/10/2022;497,934082;1,517948866;6,547008514;2118;91
14/10/2022;497,9630127;1,541392088;6,471795082;2218;88
15/10/2022;497,1620483;1,551648378;6,478509426;2218;88
16/10/2022;492,540863;1,503296852;6,56410265;2218;89
17/10/2022;502,4891663;1,554878712;6,567521572;3537;91
18/10/2022;543,2774048;1,872527599;7,217094421;3537;87
19/10/2022;544,2739868;1,896409273;6,895823479;3537;88
20/10/2022;505,8872986;1,545008063;6,396581173;3537;93
21/10/2022;501,3481445;1,503296852;6,454796791;3537;95
22/10/2022;523,4833984;1,533952713;6,582519531;3260;95
23/10/2022;527,5272827;1,472732306;6,536752224;3260;99
24/10/2022;529,0076294;1,482783914;7,063248158;3260;97
25/10/2022;549,953186;1,769583941;6,943657875;3260;89
26/10/2022;552,8012695;1,818315029;6,960683823;3260;90
27/10/2022;532,6838989;1,720146656;6,714529991;3260;89
28/10/2022;538,1092529;1,732698202;6,803418636;3255;91
29/10/2022;544,9765015;1,728571534;6,926495552;3255;93,62579346
30/10/2022;530,0649414;1,742124557;6,871794701;3150;93
31/10/2022;530,9320679;1,654212475;6,796581268;3150;92
01/11/2022;516,3723755;1,582703233;6,680341721;3150;86
02/11/2022;521,0858765;1,621978045;6,738461494;3150;89
03/11/2022;514,7050171;1,61320436;6,690598488;3150;91
04/11/2022;519,867981;1,623443365;6,632478714;3150;90
05/11/2022;504,2489929;1,517948866;6,509538651;3150;94
06/11/2022;505,85849;1,485714316;6,376068592;3150;93
07/11/2022;495,9801331;1,454945087;6,356848717;3150;94
08/11/2022;495,4672241;1,456410289;6,403419018;3150;93
09/11/2022;491,2061157;1,426634431;6,41327858;1400;93
10/11/2022;495,6080322;1,443931222;6,356314659;1120;93,82707977
11/11/2022;488,1088257;1,495970726;6,362393379;1119;93
12/11/2022;487,6184082;1,456410289;6,320964336;2820;92
13/11/2022;478,8419189;1,424567103;6,19145298;2820;94
14/11/2022;482,4810791;1,441758275;6,410256386;2119;94,51843262
15/11/2022;481,8533325;1,446153879;6,239316463;2119;91
16/11/2022;480,7385254;1,450549483;6,444444656;1119;93
17/11/2022;494,9052124;1,432967067;6,526455402;1120;94
18/11/2022;500,0206909;1,481191516;6,47468853;1219;95
19/11/2022;495,7808838;1,432967067;6,567521572;1318;96
20/11/2022;497,4198914;1,532398582;6,451282024;1318;96
21/11/2022;491,9981995;1,450549483;6,567521572;1318;97
22/11/2022;516,4971313;1,602907062;6,544417381;1318;97
23/11/2022;500,67099;1,495990872;6,47863245;1318;95
24/11/2022;489,01828;1,476923108;6,560683727;1400;93
25/11/2022;491,4676208;1,519165874;6,379364014;1120;93
26/11/2022;478,0151672;1,457813978;6,427350521;1120;89,80058289
27/11/2022;506,2024841;1,566300392;6,28717947;1119;93
28/11/2022;474,3923645;1,409523845;6,29743576;1119;92,08669281
29/11/2022;480,3844299;1,419780254;6,310249805;1120;94
30/11/2022;483,360199;1,38638103;6,197273731;1405;95
01/12/2022;477,9642334;1,398241758;6,274170399;1120;96
02/12/2022;482,7378235;1,386399746;6,270085335;1405;94
03/12/2022;481,6086731;1,399267435;6,324786186;1400;95
04/12/2022;479,3822632;1,377289414;6,283760548;1119;97
05/12/2022;474,7865906;1,373896003;6,268176556;1120;95
06/12/2022;474,4033813;1,393025875;6,266745567;1119;94
07/12/2022;468,2732544;1,418578744;5,766413212;1119;88
08/12/2022;451,189209;1,380219817;6,027350426;4300;88
09/12/2022;458,6373901;1,394871831;6,078632355;4300;92
10/12/2022;456,6791992;1,400884867;6,028121948;4300;91
11/12/2022;454,6580505;1,39340663;5,965812206;4300;91
12/12/2022;455,6872253;1,394222856;6,01025629;4300;91
13/12/2022;460,335968;1,400088906;6,136752129;4300;8
14/12/2022;465,960083;1,419780254;6,208547115;4300;-4
15/12/2022;461,0110168;1,412454247;6,172284126;4300;-4
16/12/2022;456,5832825;1,387545824;5,942512989;4300;-4
17/12/2022;458,3273926;1,389011025;6,023931503;4300;-4
18/12/2022;458,1504822;1,402197838;6,048786163;4300;-4
19/12/2022;497,2172852;1,7670331;0,010256411;4300;16,58115005
18/01/2023;560,7441406;1,862512827;6,721367359;0;-4
19/01/2023;543,5332031;1,838827848;7,121367931;0;2,129984379
20/01/2023;535,2033691;1,791941404;6,837606907;1119;14,8198719
21/01/2023;530,8483276;1,730402946;7,070086002;1119;63,18724442
22/01/2023;493,6882324;1,494505525;6,273504257;2118;60,13801575
23/01/2023;480,6163025;1,380219817;6,061538696;2218;-4
24/01/2023;489,1066284;1,437362671;6,0854702;2218;97
25/01/2023;490,5701904;1,409523845;6,235350609;2218;96
26/01/2023;496,8353882;1,460886598;6,211966038;3537;96
27/01/2023;493,8150024;1,433596134;1,789299488;3537;14,06628799
28/01/2023;508,1891174;1,51062274;6,243989944;3537;10,06052971
29/01/2023;502,0610352;1,488644719;6,300854683;3537;90
30/01/2023;506,6073608;1,501910686;6,281470299;3537;100
31/01/2023;505,6124573;1,494505525;6,953845978;3537;99
01/02/2023;548,8530273;1,860797286;7,022222519;3537;94
02/02/2023;545,9474487;1,821245432;6,953845978;3537;94
03/02/2023;490,6024475;1,413919449;6,177777767;3537;100
04/02/2023;493,9780579;1,396337032;6,146194935;3537;12
05/02/2023;486,3795166;1,384615421;6,598290443;1119;49,36636353
06/02/2023;508,8666382;1,513553143;6,512820721;1119;100
07/02/2023;510,6767273;1,491575122;-0,010256411;1119;98
08/02/2023;505,1407166;1,491575122;6,499145508;3150;101
09/02/2023;501,0434875;1,501316428;6,570940018;3150;102
10/02/2023;537,2454224;1,753743768;7,015385151;3150;95,22415924
11/02/2023;536,3353271;1,761172295;6,813675404;3150;93
12/02/2023;536,7628174;1,733333349;6,894587994;3150;93
13/02/2023;532,3344727;1,765693784;6,780876637;3150;92
14/02/2023;523,8851929;1,69237709;6,981421947;1119;93,32871246
15/02/2023;546,0383911;1,843223572;6,994622707;1120;90
16/02/2023;524,2822876;1,793075562;7,196581841;2820;83,94327545
17/02/2023;533,7822876;1,88930738;7,254701138;2118;92
18/02/2023;531,0446777;1,805128336;7,029060364;2119;81,7486496
19/02/2023;533,1314697;1,777289391;7,022051811;2118;86
20/02/2023;529,8725586;1,717341661;6,904690742;1119;88,46096802
21/02/2023;526,1176758;1,692832708;7,140198231;1119;-4
22/02/2023;533,0238037;1,739194155;7,032479286;1219;84,94125366
23/02/2023;529,9869995;1,701098919;6,837606907;1225,522583;90
24/02/2023;545,289856;1,819509149;7,07692337;1318;92
25/02/2023;539,5350342;1,755311489;7,032479286;1318;90,51790619
26/02/2023;536,0568848;1,747156143;6,945018768;1318;91
27/02/2023;532,1873169;1,774358988;6,888888836;1318;92
28/02/2023;530,5756836;1,828363538;6,99370575;1318;93
01/03/2023;533,3022461;1,730402946;7,188078403;1318;92
02/03/2023;539,1437378;1,793902516;6,974359035;1318;93
03/03/2023;546,6005859;1,843223572;6,970940113;1119;93
04/03/2023;519,4938965;1,688212156;6,950427532;1119;2,983301878
05/03/2023;530,5394897;1,758241892;6,885469913;1119;91,44210052
15/03/2023;536,2021484;1,79926753;7,090598583;1119;92
16/03/2023;536,1601563;1,705656171;7,090598583;1119;40,57842255
17/03/2023;532,9249268;1,721611738;6,981196404;1119;93,49073792
18/03/2023;491,8692932;1,441758275;6,474359035;1119;97
19/03/2023;495,1604919;1,521021962;6,369230747;1119;97
20/03/2023;490,7784424;1,439452052;6,526495934;1119;96
21/03/2023;494,7883606;1,450549483;6,460101604;1119;96
22/03/2023;489,8540955;1,431501865;6,373562336;3150;97
23/03/2023;491,3406982;1,453872204;6,46837616;3150;96
24/03/2023;493,6696167;1,461521149;6,434187889;3150;99
25/03/2023;499,35672;1,453479886;6,512820721;3150;97
26/03/2023;506,5961914;1,444688678;6,485470295;3255;31,95327759
27/03/2023;510,1765747;1,432593465;6,483459949;3255;10
28/03/2023;509,3683167;1,427621961;6,448523045;3260;11,07229996
29/03/2023;505,921051;1,438277006;6,436752319;3260;10,95001888
30/03/2023;516,5309448;1,441758275;6,454731941;3260;11,10300541
31/03/2023;519,4937134;1,445330381;6,57435894;3260;101
01/04/2023;511,0353394;1,444553018;6,492307663;3255;97
02/04/2023;509,2813721;1,449295282;6,467894077;3255;95
03/04/2023;499,0541992;1,446153879;-0,010256411;3255;94
13/04/2023;503,5391541;1,427292466;6,615408897;1119;100
14/04/2023;501,0710144;1,45490551;6,701095581;2820;94
15/04/2023;499,7217102;1,457642794;6,495726585;2820;95
16/04/2023;502,2213745;1,441758275;6,601709366;2118;96
17/04/2023;500,9127197;1,450212717;6,610836029;2218;98
18/04/2023;537,4595337;1,765578985;7,189743996;2218;90
19/04/2023;536,84729;1,788385272;6,905544758;2118;88
20/04/2023;520,7124023;1,679121017;6,916239262;2119;85
21/04/2023;532,1566162;1,714285851;6,708777905;1400;89
22/04/2023;504,9402161;1,476923108;6,509401798;1400;96
23/04/2023;504,2163086;1,447265506;6,495726585;1219;97
24/04/2023;500,5545349;1,443223476;6,488888741;1219;98
25/04/2023;492,7171326;1,419780254;7,128205299;1219;97
26/04/2023;489,863739;1,450549483;6,512896061;1318;95
27/04/2023;486,8737488;1,447619081;6,519044876;1318;95
28/04/2023;495,0947876;1,424415946;6,611965656;1318;94,17882538
29/04/2023;524,2478027;1,670633078;6,509401798;1318;90
30/04/2023;521,8306274;1,683916092;6,821800709;1318;91
01/05/2023;547,1235352;1,850549459;7,217094421;1318;91
02/05/2023;530,1762695;1,726007462;7,016868591;1318;91
03/05/2023;530,1193848;1,728937864;6,878632545;1318;90
04/05/2023;536,0269165;1,764102697;7,07692337;1318;92
05/05/2023;533,5811768;1,758241892;6,806884289;1318;94
06/05/2023;524,8384399;1,755311489;6,943589687;1119;91
07/05/2023;520,0228882;1,733333349;6,981196404;1120;93
08/05/2023;517,7769165;1,703498721;6,860636234;3150;93
09/05/2023;514,9472656;1,737729073;6,842520237;3150;90
10/05/2023;512,1033325;1,651282072;6,984615326;3150;90
11/05/2023;526,8586426;1,783150196;6,934020042;1119;88,15367126
12/05/2023;538,3960571;1,803663015;6,591453075;1119;88
13/05/2023;490,4955444;1,417155623;6,56410265;1120;92
14/05/2023;486,5721436;1,424536467;6,488888741;1119;90
15/05/2023;487,5431213;1,438563228;6,441025734;1120;91
16/05/2023;494,9924316;1,520879269;6,47863245;1400;92
17/05/2023;493,6889954;1,449662328;6,601709366;1120;93
18/05/2023;487,1100159;1,431001663;6,461538315;1405;93
19/05/2023;494,3763428;1,476923108;6,474504948;1405;94
20/05/2023;484,2761841;1,45787549;6,624906063;1120;93
21/05/2023;483,2809753;1,456410289;6,75904417;2119;93
22/05/2023;497,4554138;1,533745289;-0,013675215;2119;93
09/06/2023;515,2659912;1,448708653;6,314529896;3255;98
10/06/2023;501,3342285;1,432234526;6,314529896;3150;95
11/06/2023;502,4875183;1,422710657;6,338461399;3150;89
12/06/2023;514,3498535;1,539926767;6,458119869;3150;87
13/06/2023;502,1074829;1,458372235;6,331624031;3150;90
14/06/2023;513,4974976;1,513553143;6,76581192;3150;89
15/06/2023;514,3881226;1,521135569;6,481900692;3150;91
16/06/2023;508,7503662;1,515734315;6,544336319;1400;86
17/06/2023;508,9874573;1,526740074;6,46837616;1400;89,33267975
18/06/2023;509,8343201;1,548717976;6,540171146;1120;88
19/06/2023;505,8574829;1,499358773;6,447863102;1119;87
20/06/2023;506,1537781;1,542930484;1,688888907;1119;86
21/06/2023;498,4709473;1,497435927;6,611965656;1119;87
22/06/2023;497,3638611;1,512274265;6,569040775;1119;86
23/06/2023;500,4871826;1,529670477;6,687179565;1219;88
24/06/2023;499,809082;1,498901129;6,567521572;1219;90
25/06/2023;513,6140137;1,619047642;6,617500305;1318;91
26/06/2023;503,7468872;1,519413948;6,599798679;1318;90
27/06/2023;503,723999;1,53260088;6,525928497;1318;92
28/06/2023;491,375946;1,434432268;6,358974457;1318;91
29/06/2023;488,7263794;1,409684896;6,348718166;1318;88
30/06/2023;494,51651;1,452864528;6,437606812;1318;87
01/07/2023;486,0101624;1,434432268;6,515070915;1318;90
02/07/2023;491,3118591;1,42564106;6,427350521;1318;91
03/07/2023;480,5753174;1,37289381;6,420512676;1119;91
04/07/2023;469,5180969;1,361532688;6,365811825;2820;88
05/07/2023;479,3672791;1,399267435;6,302427769;2119;87
06/07/2023;470,2591553;1,360348701;6,352128506;2218;87
07/07/2023;477,0326843;1,368498206;6,376068592;2218;89
08/07/2023;479,8371277;1,381685019;6,27692318;2119;89
09/07/2023;475,0178223;1,323076963;6,352136612;2119;91
10/07/2023;482,1693726;1,378596425;6,369230747;2218;95
11/07/2023;483,2563782;1,377289414;6,38290596;3537;90
12/07/2023;482,6088867;1,34847188;6,335042953;3537;90
13/07/2023;483,9429932;1,384615421;6,280342102;3537;91
14/07/2023;474,4352722;1,381685019;6,266396999;3537;75
15/07/2023;463,272644;1,387545824;6,213459969;3537;76
16/07/2023;467,5043945;1,491575122;6,143589973;3537;77
17/07/2023;500,1036987;1,608445525;6,543589592;3537;77,67784119
18/07/2023;469,8448486;1,475619435;6,345050335;3537;74
19/07/2023;472,2695313;1,383040667;6,263247967;3150;85
20/07/2023;481,151825;1,378754616;6,28717947;3150;96
21/07/2023;490,7810974;1,444704771;6,188034058;3150;96
22/07/2023;482,2027283;1,368382454;6,259829044;3255;95
23/07/2023;497,9394836;1,448060036;6,143573284;3260;96
24/07/2023;488,0847473;1,356776595;6,257080078;3260;93,73306274
25/07/2023;485,9578247;1,371428609;6,165155411;3260;93
26/07/2023;486,1404419;1,39340663;6,116239548;3260;94
27/07/2023;509,5178528;1,580952406;6,482051373;3255;87
28/07/2023;495,3926392;1,536788344;6,434187889;3150;85
29/07/2023;512,5344238;1,637606502;6,167521477;3150;84
30/07/2023;478,4465027;1,38315022;6,150427341;3150;90
31/07/2023;477,3947754;1,388083696;6,177777767;3150;91
01/08/2023;480,2659302;1,380445123;6,27785635;1400;91
02/08/2023;501,9908752;1,610256433;6,738461494;1119;88
03/08/2023;523,7487793;1,746520281;6,714529991;1120;89
04/08/2023;520,810791;1,695238113;6,786324978;1119;86
05/08/2023;469,7762756;1,371428609;6,153846264;1400;90
06/08/2023;484,7016296;1,501831532;6,184615612;1400;87,84062195
07/08/2023;499,1459961;1,606346965;6,37264967;1405;89
08/08/2023;483,5132751;1,481318712;6,403419018;1119;83
09/08/2023;461,5139465;1,362813234;6,341880322;1119;86
10/08/2023;437,9519348;1,379368544;5,470085621;1119;80
11/08/2023;437,9039612;1,373646617;6,119657993;4300;83
12/08/2023;449,3431396;1,390476227;6,232478619;4300;87
13/08/2023;448,9706726;1,378754616;6,27692318;4300;83
14/08/2023;446,1778259;1,390476227;6,273504257;4300;82
15/08/2023;454,5531006;1,387350917;6,218803406;4300;86
16/08/2023;451,2339783;1,378754616;6,312421322;4300;88
17/08/2023;458,7619934;1,419780254;6,174358845;4300;90
18/08/2023;457,5686646;1,431501865;6,198290825;4300;90
06/09/2023;515,5639038;1,567765713;6,550427437;4300;80
07/09/2023;508,3616028;1,650134206;6,721367359;3150;84
08/09/2023;528,9865112;1,815084696;6,519658089;3150;81
09/09/2023;481,4633789;1,399267435;6,410839081;3150;92
10/09/2023;478,8960571;1,424175858;6,218803406;3150;85
11/09/2023;479,8556824;1,438827872;6,345299244;3150;87
12/09/2023;488,5473938;1,472527504;6,331624031;3150;95
13/09/2023;493,1520691;1,477343678;6,348718166;3150;89
14/09/2023;495,4449768;1,475457907;6,275296211;3150;87
15/09/2023;504,9328918;1,454634428;6,235897541;3255;92
16/09/2023;502,7071838;1,431501865;6,218803406;3260;93
17/09/2023;510,5911865;1,43589747;6,27692318;3260;97
18/09/2023;508,7617493;1,428571463;6,252991676;3260;101
19/09/2023;512,5740356;1,447619081;6,317948818;3255;99
20/09/2023;499,0352783;1,444688678;6,273726463;3255;96
21/09/2023;494,7913208;1,436396956;6,348718166;3150;97
22/09/2023;489,1151123;1,43094027;6,381083488;3150;97
23/09/2023;494,1523743;1,428571463;6,878632545;3150;94
24/09/2023;532,4090576;1,75864768;7,165812492;3150;91
25/09/2023;533,5073242;1,784354448;6,820512772;1405;87
26/09/2023;519,5881348;1,708425045;7,049572945;1120;87
27/09/2023;522,7999878;1,762369275;6,845689297;1119;86
28/09/2023;516,8656006;1,733279943;6,936752319;1119;82
29/09/2023;520,1587524;1,787545919;7,008547306;1120;84
30/09/2023;514,6865845;1,761172295;6,94700861;2820;86,14657593
01/10/2023;480,5865784;1,427106261;6,594871998;2820;89
02/10/2023;477,0437622;1,384615421;6,501778126;2119;89
03/10/2023;485,7940369;1,454030752;6,417094231;2218;89
04/10/2023;481,2714233;1,437600613;6,485470295;2218;91,23939514
05/10/2023;490,8449097;1,452783346;6,403419018;3537;92
06/10/2023;496,3225708;1,42336154;1,699145317;3537;93
07/10/2023;498,5300293;1,490098357;6,389743805;3537;94
08/10/2023;493,3078918;1,42564106;6,438421249;3537;93,55764008
09/10/2023;496,6166687;1,441758275;6,410256386;3537;92
10/10/2023;490,7391663;1,404268742;6,529914379;1400;94
11/10/2023;500,71521;1,49055469;6,379487038;1120;97
12/10/2023;487,8521118;1,422710657;6,546133518;1405;89
13/10/2023;491,7884827;1,430036664;6,377496243;1405;89
14/10/2023;489,1512451;1,418871284;6,512820721;1120;91
15/10/2023;494,776001;1,445781827;6,38290596;1119;91,14661407
16/10/2023;484,378418;1,424175858;6,491542816;1119;94
17/10/2023;494,5712891;1,45787549;6,352136612;1120;93
18/10/2023;481,9787598;1,41943419;6,663126945;1119;88
19/10/2023;495,0762939;1,475457907;6,385736942;3150;90
20/10/2023;490,1517029;1,428571463;6,335042953;3150;93
21/10/2023;490,4033813;1,418315053;6,385322094;3150;93
22/10/2023;492,9230957;1,444688678;6,352136612;3150;95
23/10/2023;499,2225037;1,422057867;6,280342102;3255;97
24/10/2023;504,8085327;1,418315053;6,386639118;3255;99
25/10/2023;515,2897949;1,478388309;6,28717947;3260;96
26/10/2023;505,2749023;1,409523845;6,341880322;3260;96
27/10/2023;516,9918823;1,431002855;6,256410122;3260;95
28/10/2023;517,0455933;1,427106261;6,437606812;3260;101
29/10/2023;517,1636353;1,447619081;6,270085335;3260;103
30/10/2023;513,5082397;1,428571463;6,256410122;3260;103
31/10/2023;509,801239;1,417556524;6,389743805;3260;99
01/11/2023;511,6306763;1,473827839;6,329880714;3260;99
02/11/2023;499,9236145;1,422710657;6,321367741;3260;93
03/11/2023;501,3332825;1,441758275;6,254883766;3260;97
04/11/2023;491,8994751;1,423488736;6,249572754;3255;92
05/11/2023;485,6791077;1,403192878;6,328205109;3213,887207;87
06/11/2023;484,3211365;1,443223476;6,28717947;3150;93
07/11/2023;488,8587646;1,434432268;6,28493309;3150;94
08/11/2023;480,9415894;1,414507031;6,29743576;3150;96
09/11/2023;481,4803467;1,439467549;6,300854683;3150;96
10/11/2023;477,5423279;1,415279388;6,20170927;3150;92
11/11/2023;481,3585815;1,412454247;6,420574188;3150;96
12/11/2023;485,1804504;1,485849142;6,270085335;3150;97
13/11/2023;482,2102356;1,456858635;6,249572754;1119;93
14/11/2023;476,7124634;1,424175858;6,396581173;1119;97
15/11/2023;481,6507568;1,485714316;6,256410122;1120;96
16/11/2023;472,003479;1,399267435;6,365811825;1400;95
17/11/2023;483,0545654;1,459340692;6,471491814;1219;95
18/11/2023;491,8016663;1,466666698;6,420512676;1219;95
19/11/2023;477,7140808;1,421677113;6,338461399;1318;92
20/11/2023;489,0840759;1,473767996;6,358974457;1318;94
21/11/2023;487,6326294;1,476923108;6,331624031;1318;95
22/11/2023;488,9085388;1,479853511;6,283760548;1318;98
23/11/2023;484,0874634;1,402775526;6,413675308;1318;95
24/11/2023;488,6957703;1,427106261;6,376068592;1318;94
25/11/2023;479,9137573;1,396792769;6,516239166;1405;91,016716
26/11/2023;498,0254211;1,515018463;6,263689041;1405;95
27/11/2023;471,6670837;1,39835906;6,328205109;2820;94
28/11/2023;475,9527893;1,405128241;6,286257267;2118;96
29/11/2023;478,0120239;1,434432268;6,289989471;2118;93
30/11/2023;474,0223694;1,42564106;6,294017315;2119;94
01/12/2023;478,7028503;1,444042563;6,338461399;2218;93
02/12/2023;479,5469971;1,406593442;6,293367863;2218;94
03/12/2023;483,7606201;1,434432268;6,275676727;3537;95
04/12/2023;490,5722961;1,420120597;6,208547115;3537;96
05/12/2023;491,0769348;1,438150048;6,181738377;3537;94
06/12/2023;485,8442078;1,441758275;6,185415745;3537;95
07/12/2023;486,0333557;1,427106261;6,179111004;3537;99
08/12/2023;484,2316284;1,418315053;6,19145298;3537;94
09/12/2023;483,4062195;1,424997926;6,184615612;3537;95
10/12/2023;488,2294312;1,422710657;6,23919487;3537;96
11/12/2023;480,8570251;1,422710657;6,816781044;3537;95
12/12/2023;542,8826904;1,837362766;7,148819447;1119;92
13/12/2023;541,6893921;1,803141475;7,070086002;1400;94
14/12/2023;551,3225098;1,919689536;6,960683823;1120;96
15/12/2023;525,4817505;1,7301476;7,073504448;1120;92
16/12/2023;539,0215454;1,831501961;7,088057995;1120;90
17/12/2023;533,9202271;1,835897446;7,17264986;1120;93
18/12/2023;531,0638428;1,813919544;7,189743996;1120;93
19/12/2023;512,1749268;1,659120083;6,242734909;1119;90
08/01/2024;527,3236694;1,679121017;6,656410217;4300;92
09/01/2024;493,1229248;1,692307711;6,28094101;4300;85
10/01/2024;497,2120361;1,654212475;6,827436924;4300;90
11/01/2024;530,5889893;1,938461542;6,796581268;4300;92
12/01/2024;515,1699219;1,818315029;6,745299339;4300;88
13/01/2024;508,6753235;1,859340668;6,960683823;4300;85
14/01/2024;519,7487793;1,907692432;7,210256577;4300;87
15/01/2024;517,4971924;1,900366306;6,86153841;4300;87
16/01/2024;509,8401489;1,856410265;6,827350616;4300;89
17/01/2024;500,8236694;1,831501961;6,550427437;4300;83
18/01/2024;500,1557617;1,818315029;6,762392998;4300;87
19/01/2024;517,2483521;1,86227107;6,832397938;4300;88
20/01/2024;511,2859497;1,859340668;6,678407192;4300;89
21/01/2024;493,6933899;1,711355448;6,594656467;4300;87
22/01/2024;465,7296753;1,620512962;6,878632545;4300;79
23/01/2024;506,3736572;1,679121017;6,916239262;4300;82,54928589
24/01/2024;499,03302;1,668864489;6,824106693;4300;81
25/01/2024;524,6080933;1,793406725;7,193162918;3150;83
26/01/2024;519,7069092;1,647273302;7,634538174;3150;91
27/01/2024;530,7669067;1,623443365;7,107692719;3150;93
28/01/2024;510,8448486;1,623144746;0,010256411;3150;93
30/01/2024;563,6139526;1,800732613;7,55555582;1119;93
31/01/2024;563,2362061;1,77991724;7,476923466;1119;94
01/02/2024;583,322998;1,929670334;7,54692173;1119;94
02/02/2024;545,9890747;1,496571422;6,878619194;3150;101
03/02/2024;544,5706177;1,491575122;7,049572945;3150;101,7803802
04/02/2024;547,5222168;1,497435927;6,912820339;3255;107
05/02/2024;550,861084;1,418315053;6,913599968;3255;107
06/02/2024;564,4334106;1,460805893;6,909401894;3260;108,7137833
07/02/2024;557,7211304;1,416849852;7,011966228;3260;108
08/02/2024;558,602478;1,43589747;7,55555582;3255;109
09/02/2024;545,359436;1,482783914;6,964102745;3150;106
10/02/2024;552,3236694;1,482783914;7,035897732;3150;107
11/02/2024;546,7840576;1,444583297;6,943589687;3150;108
12/02/2024;544,7540283;1,428571463;6,847863197;3150;108
13/02/2024;531,8115234;1,405128241;6,929914474;3150;103
14/02/2024;528,3363647;1,387545824;6,916239262;3150;101
15/02/2024;535,6516113;1,398834825;6,9572649;1400;103
16/02/2024;530,6144409;1,381685019;7,511111259;2119;102
17/02/2024;534,3826904;1,41704452;6,914133072;2119;102
18/02/2024;535,256958;1,38315022;6,909401894;2218;104
19/02/2024;538,7987671;1,420828223;6,98097086;2218;104,5441666
20/02/2024;540,2617188;1,449685931;7,07692337;3537;103
21/02/2024;543,0877686;1,403663039;6,998290539;3537;103
22/02/2024;559,0284424;1,444688678;6,994871616;3537;106
23/02/2024;556,2254639;1,419780254;7,117949009;3537;107
24/02/2024;551,4735718;1,424005747;7,121367931;3537;105
25/02/2024;553,1184082;1,42564106;7,427707672;1119;105
26/02/2024;548,9926758;1,405128241;7,147917271;1120;105
27/02/2024;560,3103638;1,454913378;7,196581841;1119;104
28/02/2024;560,3272705;1,498898268;7,490598679;1119;103
29/02/2024;573,0980225;1,578022003;7,230769634;1119;103
01/03/2024;549,286377;1,419988275;7,148718357;1405;104
02/03/2024;562,8925781;1,488773108;7,07692337;1119;104
03/03/2024;556,3050537;1,433333039;6,618803501;1119;106
27/03/2024;505,6669006;1,567765713;6,810256481;1119;89
28/03/2024;542,0045166;1,818072796;7,17264986;1119;95
29/03/2024;502,1133728;1,516086459;6,572622299;1119;101
30/03/2024;494,6209106;1,422968745;6,328205109;1119;100
31/03/2024;490,8892822;1,437362671;6,461538315;1219;102
01/04/2024;505,7429504;1,487179518;6,075213909;1219;102,6269989
04/04/2024;508,5536499;1,491575122;6,294017315;119;97
05/04/2024;498,6996155;1,389456391;6,413675308;119;102
06/04/2024;497,8109436;1,41538465;6,246153831;1120;100
07/04/2024;492,2331238;1,466666698;6,379487038;1219;98,38562012
08/04/2024;491,2020264;1,488644719;6,164102554;1318;100
09/04/2024;482,4940796;1,41538465;6,37264967;1318;100
10/04/2024;495,9176025;1,484249115;6,256410122;1318;101
11/04/2024;488,9076843;1,438402414;6,328205109;1318;100
12/04/2024;490,8484497;1,44339633;6,403419018;1318;98
13/04/2024;494,6289063;1,506950974;6,324786186;1400;99
14/04/2024;482,6373901;1,39523232;6,27692318;1400;97
15/04/2024;480,5288696;1,444688678;6,326133728;1120;96
16/04/2024;476,2488098;1,415301085;6,369230747;1120;97
17/04/2024;482,3113403;1,441758275;6,307692528;1120;97
18/04/2024;487,9995422;1,441758275;6,246036053;1405;95
19/04/2024;488,2443848;1,42564106;6,471795082;1120;97
20/04/2024;484,9134521;1,456410289;6,317948818;2820;96,70233154
21/04/2024;480,1046448;1,432076216;6,322048187;2820;96
22/04/2024;483,9225464;1,434432268;6,27692318;2119;98
23/04/2024;482,8837891;1,453479886;6,225641251;2118;99
24/04/2024;480,8374329;1,398792148;6,311110973;2218;99
25/04/2024;484,9111328;1,432633877;6,314529896;2218;95
26/04/2024;490,4602966;1,428594947;6,300854683;3537;97
27/04/2024;492,9706116;1,431318521;6,389695644;3537;100
28/04/2024;492,7235413;1,428571463;6,338461399;3537;95,2072525
29/04/2024;488,8599854;1,42564106;6,386324883;3537;95,01444244
30/04/2024;486,2948914;1,419155836;6,37264967;3537;99
01/05/2024;491,707489;1,422710657;6,362393379;3537;98
02/05/2024;492,9270325;1,434940696;6,423931599;3537;93
03/05/2024;489,4945374;1,428022027;6,499145508;3260;92
06/06/2024;499,5930176;1,503167748;6,500846386;1400;96
07/06/2024;498,9737854;1,434432268;6,499145508;1119;97
08/06/2024;487,7854919;1,423180938;6,280342102;1120;96
09/06/2024;483,8518677;1,41963172;6,246153831;1405;96
10/06/2024;487,4620667;1,453654051;6,265459061;1120;97
11/06/2024;483,9713745;1,443223476;6,335042953;1400;95
12/06/2024;486,2962036;1,478754282;6,321367741;1219;98
13/06/2024;485,3642578;1,438827872;6,365811825;1219;97
14/06/2024;483,374115;1,434432268;6,338461399;1318;98
30/06/2024;513,2536621;1,418315053;6,24384594;3537;87
01/07/2024;501,3943481;1,422710657;6,284259796;3537;84
02/07/2024;495,729126;1,446153879;6,300854683;3537;86
03/07/2024;485,4602051;1,444688678;6,283760548;3537;86
12/07/2024;517,8129883;1,42564106;6,470067024;1400;90
13/07/2024;519,9469604;1,495386124;6,410256386;1120;90
14/07/2024;504,5274963;1,429703474;6,345299244;1400;89
15/07/2024;486,1922302;1,437362671;5,541880608;1405;88
16/07/2024;461,8753357;1,42564106;6,232478619;4300;81,74948883
17/07/2024;462,9904175;1,437362671;6,141979694;4300;87
18/07/2024;457,5290222;1,424468875;5,979487419;4300;87
19/07/2024;456,0465393;1,427785516;6,01025629;4300;84,60447693
20/07/2024;451,7802429;1,422710657;6,007231712;4300;82
21/07/2024;450,8372192;1,43589747;5,972649574;4300;85
22/07/2024;452,8351746;1,42564106;6,047863483;4300;87
23/07/2024;453,5777283;1,432739735;5,98974371;4300;86
24/07/2024;452,3077087;1,435705662;5,955555439;4300;88
25/07/2024;449,1774597;1,415586591;5,969230652;4300;84
26/07/2024;454,7149048;1,437784791;6,030461788;4300;86
27/07/2024;453,1503296;1,430036664;6,058119774;4300;84
28/07/2024;456,0042419;1,418781042;6,092307568;4300;86
29/07/2024;443,8851624;1,432489753;5,842735291;4300;76
07/08/2024;519,5698853;1,804294586;6,37264967;0;83
08/08/2024;483,3884583;1,406593442;6,348718166;1119;90
09/08/2024;499,0064392;1,472527504;6,365811825;1119;88
10/08/2024;492,6875305;1,441758275;6,454700947;1119;88
11/08/2024;490,7997131;1,419780254;6,467605114;1119;87
12/08/2024;498,2735291;1,495970726;6,437606812;1120;88
13/08/2024;488,7846985;1,419780254;6,444953918;1405;84
14/08/2024;487,015564;1,409523845;6,369230747;3150;88
15/08/2024;494,1108704;1,438386202;6,352136612;3150;91
16/08/2024;495,1242981;1,437697649;6,345299244;3150;93
17/08/2024;491,1056213;1,444688678;6,285209179;3150;90
18/08/2024;490,4490356;1,409523845;6,283760548;3150;93
19/08/2024;488,262085;1,409523845;6,461538315;3150;95
20/08/2024;487,6483765;1,443223476;6,396581173;1119;91
21/08/2024;497,1128235;1,416849852;6,365811825;1119;93
22/08/2024;492,1298523;1,400298119;6,495726585;1219;94
23/08/2024;490,5593567;1,51062274;6,338461399;1219;91
24/08/2024;485,4987183;1,409523845;6,418296337;1318;88
25/08/2024;491,7927551;1,453510165;6,396581173;1318;88
26/08/2024;492,870575;1,465201497;6,540171146;1318;86,4414444
27/08/2024;495,4442139;1,43589747;6,493859768;1318;87
28/08/2024;491,4974365;1,444688678;6,501829147;1318;90
29/08/2024;480,1645813;1,441758275;6,516239166;1318;89
30/08/2024;480,6317749;1,410853386;6,38290596;1120;91
31/08/2024;474,9015808;1,428571463;6,317948818;2820;89
01/09/2024;466,8484192;1,386080623;6,256410122;2820;90
02/09/2024;480,4943237;1,427106261;6,307692528;2119;88
03/09/2024;486,6929016;1,452017426;6,266666889;2218;90
04/09/2024;482,8041992;1,413919449;6,263247967;2218;90
05/09/2024;486,5032654;1,441758275;6,358530045;2119;88
06/09/2024;484,7054749;1,42564106;6,376068592;1119;89
07/09/2024;493,3916016;1,42564106;6,46837616;1119;93
08/09/2024;494,3960266;1,441679001;6,335042953;1405;92
09/09/2024;487,6416931;1,398370743;6,454700947;1405;94
10/09/2024;488,863678;1,434616923;6,458119869;3150;95,69797516
11/09/2024;493,4867249;1,428022027;6,420512676;3255;96
12/09/2024;502,6689453;1,434898257;6,389743805;3255;95
13/09/2024;489,9432373;1,443223476;6,434187889;3150;94
14/09/2024;490,0510254;1,439944029;6,471795082;3150;94
15/09/2024;491,3650513;1,406593442;6,447863102;3150;92
16/09/2024;495,1596069;1,419780254;6,553846359;3150;93,80926514
17/09/2024;495,5712585;1,453479886;6,538872242;3150;93
18/09/2024;495,8545227;1,446153879;6,38290596;1400;94
19/09/2024;494,1113892;1,415648341;6,37264967;1400;95
20/09/2024;489,8988342;1,428571463;6,445963383;1120;97
21/09/2024;492,1730042;1,399267435;6,446564198;1119;97
22/09/2024;497,520874;1,447619081;6,56410265;1219;95
23/09/2024;490,7625427;1,422549009;6,447863102;1318;97
24/09/2024;487,6542053;1,41538465;6,396581173;1318;94
25/09/2024;486,9385376;1,403932691;6,413675308;1318;96
26/09/2024;491,5778503;1,434432268;6,439846039;1119;95
27/09/2024;493,7477722;1,453479886;6,550427437;1400;93
28/09/2024;489,4259033;1,443641663;6,294017315;1405;94
06/11/2024;555,3329468;1,848284721;7,135043144;0;88,76534271
07/11/2024;521,0170898;1,73583889;6,731624126;0;87,00996399
08/11/2024;511,9772339;1,673260212;6,594871998;1119;88
09/11/2024;530,1099243;1,794871807;7,087180138;1119;87
10/11/2024;523,7503662;1,753641367;7,001709938;1119;86,64723969
11/11/2024;519,1455078;1,726007462;6,981196404;1119;88
12/11/2024;534,286377;1,822915912;7,001319408;1120;85,25896454
13/11/2024;540,7773438;1,866666794;7,049572945;1400;85
14/11/2024;526,1575928;1,74505496;7,005774498;2118;84
15/11/2024;482,3529663;1,45455575;6,380307674;2118;91
16/11/2024;485,7102966;1,485714316;6,19145298;2119;91
24/11/2024;523,2008057;1,736263752;7,070086002;1119;86
25/11/2024;532,2538452;1,777869225;6,529914379;1119;93
26/11/2024;502,5266418;1,499995828;6,584615231;1119;98
27/11/2024;514,2787476;1,561141253;6,492307663;1120;99
28/11/2024;501,8351135;1,462271094;6,365811825;1120;99
29/11/2024;505,5067139;1,437362671;6,444718361;1400;98
30/11/2024;505,4558105;1,500366449;6,461538315;1405;99
01/12/2024;499,5671997;1,466791272;6,499145508;1119;97
02/12/2024;495,2973938;1,470562696;6,492307663;3150;93
03/12/2024;498,0348816;1,492858648;6,471795082;3150;94,3952179
04/12/2024;507,4900208;1,475457907;6,509401798;3255;95
05/12/2024;509,5816956;1,538461685;6,441025734;3255;96
06/12/2024;505,222168;1,450549483;7,187614918;3255;99
07/12/2024;497,4066162;1,629304171;6,488888741;3260;85
08/12/2024;502,5594177;1,655677795;6,611320972;0;82
09/12/2024;507,8730469;1,648070335;7,060407639;1119;84
10/12/2024;515,9644165;1,64487052;6,988034248;1119;90
11/12/2024;529,6182861;1,735147953;6,762392998;1119;91
12/12/2024;522,3432007;1,749450684;6,934352875;3150;90
13/12/2024;520,9465942;1,657142878;7,046154022;3150;92
14/12/2024;533,3399048;1,777289391;6,345299244;3255;90
15/12/2024;500,1479492;1,452583432;6,36102581;3260;97,4910965
16/12/2024;500,9954224;1,478388309;6,38290596;3260;94
17/12/2024;503,1827698;1,511641145;6,471795082;3260;95
18/12/2024;507,7280884;1,505384922;6,487303257;3255;95,72136688
19/12/2024;498,5772705;1,550455451;6,471795082;3255;95
20/12/2024;494,7903137;1,476923108;6,523077011;3150;97
21/12/2024;489,7582703;1,441758275;6,523077011;3150;99
22/12/2024;493,9856873;1,461583972;6,413675308;3150;96
23/12/2024;496,3303223;1,448016047;6,396581173;3150;96
24/12/2024;502,4564819;1,498901129;6,355555534;3150;97
25/12/2024;500,6040344;1,506227255;6,386324883;3150;98
26/12/2024;495,594574;1,468918681;6,358789921;3150;95
27/12/2024;499,7992554;1,470639706;6,485470295;3150;96
28/12/2024;491,1165771;1,450549483;6,65350914;1400;96
29/12/2024;498,4160156;1,440241814;6,434187889;1400;98
30/12/2024;492,5759583;1,463736296;6,383880138;1120;95
31/12/2024;494,3785095;1,499663353;6,47863245;1119;95,37261963
01/01/2025;490,9519043;1,475310802;6,461538315;2820;95
02/01/2025;495,5829468;1,544322491;6,526495934;2118;96
03/01/2025;493,2542419;1,485714316;6,403419018;2118;98
04/01/2025;493,0074768;1,469597101;6,700854778;2218;96
05/01/2025;496,7252808;1,468697429;6,536752224;2218;97
06/01/2025;500,56604;1,502505541;6,430769444;2218;95
07/01/2025;500,3102112;1,496853352;6,375590801;3537;96
08/01/2025;499,6290283;1,443298578;6,331624031;3537;97
09/01/2025;494,0811768;1,422710657;6,420512676;3537;97
10/01/2025;500,5446777;1,513553143;6,345299244;3537;96
11/01/2025;488,2494507;1,412454247;6,291077137;3537;96
12/01/2025;490,3913879;1,418315053;6,280186176;3537;98
13/01/2025;485,8218079;1,424193144;6,358974457;3537;96
14/01/2025;507,3460693;1,444001555;6,357608318;1119;99
15/01/2025;499,0920105;1,466666698;6,294660568;1119;99
16/01/2025;490,9645081;1,413919449;6,273504257;1219;100
17/01/2025;485,4643555;1,418315053;6,335200787;1318;100
18/01/2025;493,7037659;1,44716239;6,543589592;1318;99
19/01/2025;488,5938416;1,450549483;6,462537766;1318;99
20/01/2025;484,3905334;1,437362671;6,307692528;1318;96
21/01/2025;481,027771;1,409523845;6,451160908;1318;96
22/01/2025;486,313446;1,422710657;6,466784477;1318;98
23/01/2025;479,8489685;1,512471557;6,499145508;1400;94
24/01/2025;469,469696;1,431501865;6,396581173;4300;92
25/01/2025;473,1417236;1,43174994;6,396581173;4300;96,19177246
26/01/2025;475,2245483;1,42564106;6,383134842;4300;97
27/01/2025;476,9384155;1,419780254;6,358974457;4300;95
28/01/2025;476,9428101;1,422710657;6,345299244;4300;96
29/01/2025;477,1478577;1,424175858;6,447863102;4300;96
30/01/2025;474,162262;1,436938286;6,418843746;4300;95,86694336
31/01/2025;472,8846741;1,418315053;6,47863245;4300;95
01/02/2025;475,4761353;1,428520918;6,331624031;4300;95
02/02/2025;473,6838074;1,424175858;6,321367741;4300;95
03/02/2025;471,6015625;1,430845499;6,290598392;4300;96
04/02/2025;475,0198364;1,428571463;6,365811825;4300;97
05/02/2025;465,2773132;1,444688678;6,194871902;4300;94
06/02/2025;481,8763733;1,419780254;6,369230747;1400;96
07/02/2025;497,6269226;1,467568874;6,345299244;1400;99
08/02/2025;501,3556213;1,494505525;6,365811825;1120;99
09/02/2025;504,4507446;1,494505525;6,338461399;1405;100
10/02/2025;500,4344788;1,493905783;6,403419018;1119;101
11/02/2025;493,5690002;1,517569542;6,391230583;3150;99
12/02/2025;497,1423645;1,495780349;7,181045055;3150;96
13/02/2025;498,6278381;1,476923108;6,499145508;3150;99
14/02/2025;500,9490967;1,489684105;6,427350521;3150;97
12/03/2025;558,861145;1,84686017;6,943589687;4300;91
13/03/2025;494,5213013;1,437362671;6,358974457;1119;96
14/03/2025;498,2474976;1,42564106;6,461538315;1119;98
15/03/2025;496,9290161;1,450549483;6,331624031;1120;97
16/03/2025;502,2333374;1,419780254;6,429589748;1119;100
17/03/2025;500,6376648;1,440089464;6,495189667;1405;100
18/03/2025;501,5683899;1,416849852;6,2810359;1400;101
19/03/2025;495,4284668;1,409829617;6,318645954;1119;97
20/03/2025;488,5553589;1,418315053;6,294017315;2820;96
21/03/2025;490,8177795;1,438827872;6,270085335;2119;97
22/03/2025;492,5386353;1,457900405;6,236344814;2119;98
23/03/2025;494,9996338;1,444688678;6,413675308;2118;98
24/03/2025;492,2911987;1,424175858;6,427350521;2218;99
25/03/2025;498,7427673;1,438827872;6,365811825;2218;98
26/03/2025;496,2145386;1,448042512;6,3915205;2218;97
27/03/2025;493,8665466;1,419780254;6,331624031;3537;98
28/03/2025;500,723053;1,515018463;6,167747021;3537;100
29/03/2025;497,6650391;1,427106261;6,292142868;3537;100
30/03/2025;499,7660217;1,501831532;6,224506378;3537;100
31/03/2025;498,8042603;1,396389008;6,420512676;3537;101
01/04/2025;499,7557373;1,512961745;6,249943256;3537;98
02/04/2025;489,0962219;1,491575122;6,136752129;3537;96
03/04/2025;489,9916077;1,38023138;6,369230747;3537;98
04/04/2025;504,3582153;1,51208806;6,184615612;1119;98,64498901
05/04/2025;496,4372864;1,473992705;6,359434128;1119;91
06/04/2025;488,4394531;1,380219817;6,153846264;1119;95
07/04/2025;497,3418884;1,462582588;6,249572754;1400;97
08/04/2025;490,0996094;1,477822423;6,324786186;1119;89
09/04/2025;484,3922729;1,412454247;6,133333206;3150;98
10/04/2025;491,0883789;1,42564106;6,160683632;3150;99
11/04/2025;494,2287598;1,462271094;6,311319828;3150;97
12/04/2025;482,7745667;1,39340663;6,160683632;3150;96,16712189
13/04/2025;484,8146057;1,38315022;6,188034058;3150;98
14/04/2025;492,8118286;1,438827872;6,205128193;3150;96
15/04/2025;490,4247437;1,446465373;6,24104166;3150;95
16/04/2025;484,4481506;1,419780254;6,331624031;1400;96
17/04/2025;485,5563049;1,428591609;6,156508923;1119;96
18/04/2025;486,0003052;1,371428609;6,116613388;1219;97
19/04/2025;490,4925232;1,401793361;6,20156908;1219;97
20/04/2025;492,7113647;1,47349906;6,389832497;1318;90
21/04/2025;492,5015869;1,430036664;6,203487396;1318;91
22/04/2025;481,0759888;1,38315022;6,174088955;1318;92
23/04/2025;476,0027466;1,368498206;6,188034058;1318;95
24/04/2025;485,1920166;1,42564106;6,280315399;1318;94
25/04/2025;494,0690613;1,475457907;6,270085335;1318;95
26/04/2025;490,7781067;1,442055702;6,194871902;1318;97
27/04/2025;479,3718262;1,393350363;6,19145298;1318;96
28/04/2025;480,9476624;1,397802234;6,071794987;1318;94
29/04/2025;487,6212769;1,441758275;6,181250572;1318;97
30/04/2025;543,1494141;1,875458002;6,864957333;1318;87
01/05/2025;520,3439331;1,632234573;6,67008543;1318;89
02/05/2025;522,0767822;1,668864489;6,789743423;1318;96
03/05/2025;529,0968628;1,735848069;6,886637211;1405;95
04/05/2025;535,8129272;1,780219793;7,045302391;1405;92
05/05/2025;532,7919922;1,802197933;7,032479286;1405;91
06/05/2025;526,1154175;1,721611738;6,632478714;2118;89
07/05/2025;515,192749;1,724542141;6,833521843;2118;90
08/05/2025;531,939209;1,809646845;6,885469913;2118;92,48947144
09/05/2025;551,2070923;1,951648474;6,868376255;1119;92
10/05/2025;537,843689;1,790476322;6,892307758;1119;93
11/05/2025;520,8525391;1,663003683;6,676923275;1119;89
12/05/2025;519,0599365;1,670329809;6,85128212;1119;89
13/05/2025;527,046936;1,742124557;6,779487133;3150;91
14/05/2025;494,8053589;1,456410289;6,396581173;3150;99
15/05/2025;498,5678406;1,444501162;6,410256386;3150;98
16/05/2025;493,0522766;1,333333373;6,205128193;3150;97
17/05/2025;482,5031433;1,321611762;6,223618507;3255;97
18/05/2025;491,130188;1,389011025;6,264819145;3255;99
19/05/2025;485,5938721;1,39340663;6,358974457;3150;96
20/05/2025;486,0516663;1,374359012;6,300854683;3150;98
21/05/2025;484,8802185;1,323263168;6,314529896;3150;96
22/05/2025;492,6259766;1,409523845;6,270085335;3150;94,75682831
23/05/2025;494,7966309;1,413734913;6,323658943;3150;93
24/05/2025;491,5320129;1,437362671;6,461538315;1119;93
25/05/2025;501,3785095;1,466666698;6,48660183;1119;96
26/05/2025;503,8650513;1,49020505;6,379487038;1120;98
27/05/2025;480,9113464;1,418315053;6,198290825;2820;95
28/05/2025;479,8819885;1,371428609;6,28717947;2820;92
29/05/2025;493,3124695;1,430036664;6,338461399;2118;86
30/05/2025;484,9972534;1,437362671;6,249572754;2119;87
31/05/2025;482,4229431;1,364102602;6,273719311;2119;88
01/06/2025;485,9867249;1,439221978;6,464957237;2119;92
02/06/2025;489,7709045;1,447181344;0;2218;92,49797821
03/06/2025;532,4119873;1,780219793;7,032479286;2218;89
04/06/2025;534,3137207;1,794720888;6,994615555;2218;90,28421021
05/06/2025;537,8700562;1,776516438;6,981196404;3537;93
06/06/2025;529,0917969;1,792745948;6,509401798;3537;82
07/06/2025;507,2185669;1,430293083;-0,009911112;3537;90
29/07/2025;504,3467712;1,438827872;6,200220585;1219;91
30/07/2025;501,446106;1,419780254;6,223568439;1219;89
31/07/2025;500,0557251;1,409563422;6,222222328;1318;91
01/08/2025;497,0438232;1,436740518;6,147008419;1318;91
02/08/2025;494,3268127;1,43589747;6,324786186;1318;92
03/08/2025;513,293457;1,537389636;6,262928486;1318;95
04/08/2025;494,9825745;1,428571463;6,258488178;1318;91
